ID;Timestamp;Encuestador;Datos Demográficos (Seleccione múltiples);żA qué partido pertenece o tiene afinidad?;Ubicación de la Encuesta (Lat);Ubicación de la Encuesta (Lng);Barrio o Compańía;Calificación: Gestión del Intendente Municipal;Calificación: Gestión del Presidente de la República;Pre-candidatos a Intendente Municipal;Pre-candidatos a Concejal Municipal;żQué servicio público debe mejorar la municipalidad?
2;2026-04-11T14:18:43.238Z;;Mujer,Joven;Partido Colorado;-2.740.400.621.051.410;-5.686.183.459.636.990;San José Mi;Muy Mala;Muy Mala;;Ninguno ;Camino 
3;2026-04-11T14:19:20.410Z;;Mujer,Mayor;Partido Colorado;-273.904.993;-568.423.842;San antonio;Muy Mala;Muy Mala;Jose Mutti;Diosnel Bogado;Recoleccion de Basura
4;2026-04-11T14:20:12.294Z;;;Partido Colorado;-274.041.435;-568.612.866;San José Mi;Buena;Buena;Christian Rolon;Sofi ;Agua potable 
5;2026-04-11T14:21:45.836Z;;Varón,Mayor;Partido Colorado;-27.404.113.553.399.800;-5.686.174.092.751.450;San José Mi;Mala;Buena;Jose Mutti;Ninguno ;Camino 
6;2026-04-11T14:22:48.866Z;;;Partido Colorado;-274.047.385;-568.611.391;San José Mi;Buena;Muy Mala;Christian Rolon;Wilian;En todo
7;2026-04-11T14:23:07.323Z;Santiago;Varón,Mayor;Partido Colorado;-27.390.747;-568.430.486;San Antonio ;Mala;Muy Mala;Jose Mutti;Ns nr;Todo 
8;2026-04-11T14:25:04.272Z;;Mujer,Mayor;Partido Colorado;-27.404.217.857.368.800;-5.686.188.800.173.890;San José Mi;Mala;Muy Mala;;Ninguno ;Camino 
9;2026-04-11T14:28:14.827Z;Santiago;Mujer,Adulto Mayor;Partido Colorado;-273.919.498;-568.446.045;San Antonio ;Mala;Mala;;Ns nr ;Agua 
10;2026-04-11T14:29:48.750Z;;Varón,Mayor;Partido Colorado;-274.049.176.232.877;-5.686.186.357.629.910;San José Mi;Buena;Muy Mala;Jose Mutti;Ninguno ;Agua 
11;2026-04-11T14:32:27.597Z;;Varón,Mayor;Partido Colorado;-27.405.185.654.226.000;-56.861.894.874.299.600;San José Mi;Muy Mala;Muy Mala;Jose Mutti;Diego Barreto ;Camino 
12;2026-04-11T14:32:41.979Z;;;Partido Colorado;-274.058.291;-568.609.211;San José Mi;Buena;Mala;Jose Mutti;;Limpieza publica
13;2026-04-11T14:34:12.116Z;;Varón,Mayor;Partido Colorado;-2.739.267;-568.458.755;San Antonio ;Mala;Muy Mala;Jose Mutti;Diosnel bogado;Documentos públicos
14;2026-04-11T14:36:19.021Z;;Varón,Joven;Partido Colorado;-273.916.144;-56.844.004;San Antonio ;Buena;Muy Mala;Christian Rolon;Willian Aquino;
15;2026-04-11T14:36:43.860Z;;;Partido Colorado;-274.063.574;-568.620.412;San José Mi;Mala;Muy Mala;Jose Mutti;;Recolección de basura 
16;2026-04-11T14:37:18.667Z;;Mujer,Mayor;Partido Colorado;-27.405.782.610.341.600;-5.686.209.535.778.310;San José Mi;Muy Mala;Muy Mala;Jose Mutti;Ninguno ;Agua 
17;2026-04-11T14:39:38.883Z;;;Partido Colorado;-274.061.627;-568.618.655;San José Mi;Buena;Buena;Christian Rolon;Wilfrido;Agua potable 
18;2026-04-11T14:39:56.724Z;;;Partido Colorado;-273.930.998;-568.464.676;San Antonio ;Mala;Mala;;Ns nr;Todo 
19;2026-04-11T14:43:52.396Z;;Joven;Partido Colorado;-273.936.951;-568.676.326;Lima;Mala;Muy Mala;;Ninguna ;Las vĂ­as publicas
20;2026-04-11T14:44:00.924Z;;Varón,Mayor;Partido Colorado;-273.919.687;-568.446.741;San antonio;Buena;Buena;Jose Mutti;Willian Aquino;
21;2026-04-11T14:44:22.181Z;;;Partido Colorado;-274.061.315;-568.624.329;San José Mi ;Buena;Buena;Jose Mutti;;Alimentos escolares
22;2026-04-11T14:45:34.338Z;;;Partido Colorado;-274.057.909;-568.634.476;;Mala;Muy Mala;Jose Mutti;;Rutas
23;2026-04-11T14:48:24.392Z;;Mujer,Mayor;Partido Colorado;-273.933.541;-568.678.831;Lima;Mala;Buena;Christian Rolon;David Vega;Hermosear  y trabajo
24;2026-04-11T14:48:29.234Z;;;Partido Colorado;-274.055.954;-56.863.396;San José Mi;Mala;Muy Mala;;Talavera;Todo
25;2026-04-11T14:48:57.658Z;Santiago;Varón,Mayor;;-273.934.285;-568.470.077;;Buena;Buena;Christian Rolon;Jose Carozo;Todo 
26;2026-04-11T14:51:31.216Z;;Varón,Mayor;Partido Colorado;-273.934.415;-568.675.465;Lima;Excelente;Excelente;Christian Rolon;Dennis cardozo;Arreglo de vías públicas y limpieza
27;2026-04-11T14:56:35.208Z;;Varón,Mayor;Partido Colorado;-273.939.475;-568.672.883;Lima;NS/NR;Buena;Jose Mutti;Ninguno;En todo 
28;2026-04-11T14:59:30.375Z;;Varón,Mayor;Partido Colorado;-273.942.637;-568.673.673;Lima;Excelente;Buena;Christian Rolon;Ninguno;En todo
29;2026-04-11T15:03:03.451Z;;Mujer,Mayor;Partido Colorado;-273.932.908;-568.469.262;San antonio;Buena;Mala;Christian Rolon;Willian Aquino ;Basura
30;2026-04-11T15:08:32.046Z;;Varón,Joven;Partido Colorado;-273.947.566;-568.494.005;San antonio ;Buena;Buena;Jose Mutti;Alvarenga;Todo
31;2026-04-11T15:10:33.866Z;;Mujer,Mayor;Partido Colorado;-273.948.948;-568.665.892;Lima;Buena;Mala;Christian Rolon;William Aquino ;Fomentar mĂˇs turismo 
32;2026-04-11T15:12:12.132Z;;;Partido Colorado;-273.962.912;-568.513.129;San Antonio ;Mala;Mala;Jose Mutti;;Todo
33;2026-04-11T15:14:44.430Z;;Mujer,Joven;Partido Colorado;-273.951.142;-568.664.756;Lima;Buena;Buena;Christian Rolon;Miguel Marin;Agua 
34;2026-04-11T15:15:03.638Z;;;Partido Colorado;-273.966.274;-568.515.902;San Antonio ;Muy Mala;Mala;Jose Mutti;Sofi;Agua potable 
35;2026-04-11T15:16:39.950Z;;Mujer,Mayor;Partido Colorado;-27.396.599.041.019.500;-5.685.177.830.595.690;San Antonio ;Buena;Mala;;Ninguno ;Camino 
36;2026-04-11T15:19:08.236Z;;Mujer,Mayor;Partido Colorado;-273.952.892;-568.660.949;Lima;Buena;Buena;Christian Rolon;Nadie;La ilumniación en las calles principales 
37;2026-04-11T15:19:40.541Z;;;Partido Colorado;-273.975.815;-568.528.334;San Antonio ;Muy Mala;Buena;Jose Mutti;Carlos ramires ;Recolección de basura 
38;2026-04-11T15:19:50.996Z;;Varón,Mayor;Partido Colorado;-2.739.689.441.339.280;-5.685.211.753.252.880;San Antonio ;Mala;Muy Mala;;Ninguna ;Camino 
39;2026-04-11T15:22:36.066Z;;;Partido Colorado;-273.977.329;-568.531.208;San Antonio ;NS/NR;Mala;;;
41;2026-04-11T15:25:54.248Z;;Mujer,Varón,Mayor;Partido Colorado;-273.962.888;-568.665.684;Lima;Buena;Mala;Christian Rolon;Ninguno;NingĂşno 
42;2026-04-11T15:26:14.526Z;;;Partido Colorado;-273.978.992;-568.533.795;San Antonio ;Muy Mala;Muy Mala;Jose Mutti;;Colectivos
43;2026-04-11T15:27:51.535Z;;Varón,Mayor;Partido Colorado;-2.739.796.854.051.080;-5.685.377.696.685.530;San Antonio ;Mala;Muy Mala;;Ninguno ;Camino 
44;2026-04-11T15:29:44.279Z;;;Partido Colorado;-273.981.559;-568.539.106;San Antonio ;Muy Mala;Muy Mala;;;
45;2026-04-11T15:36:06.702Z;;;Partido Colorado;-273.965.354;-568.653.108;Lima;Buena;Muy Mala;Christian Rolon;Ninguno;Control de transporte y concienciacion vial
46;2026-04-11T16:54:49.913Z;;Mujer,Joven;Partido Colorado;-273.990.914;-568.595.559;Lima;Mala;Muy Mala;Christian Rolon;Eladio Martinez ;Limpieza recolección
47;2026-04-11T16:55:09.728Z;;Mujer,Mayor;Partido Colorado;-2.739.858.457.811.440;-5.685.851.209.924.370;Lima ;Mala;Muy Mala;Christian Rolon;Denis flores ;Agua 
48;2026-04-11T16:57:37.441Z;;;Partido Colorado;-273.978.942;-568.600.982;Lima;Mala;Muy Mala;Christian Rolon;Gricelda ;Agua potable 
49;2026-04-11T16:58:12.181Z;;Mujer,Mayor;Partido Colorado;-2.739.823.762.862.590;-56.859.225.926.674.600;Lima ;Mala;Muy Mala;Jose Mutti;Ninguno ;Agua 
50;2026-04-11T16:59:08.766Z;;Varón,Mayor;Partido Colorado;-273.984.567;-568.614.946;Lima;Buena;Buena;Christian Rolon;William Aquino;Agua
51;2026-04-11T16:59:47.886Z;;Mujer,Joven;Partido Colorado;-273.988.456;-568.596.324;Lima;NS/NR;Buena;Jose Mutti;Ninguno ;Muchisimas cosas
52;2026-04-11T17:02:57.966Z;;;Partido Colorado;-273.977.349;-568.606.901;Lima;Buena;Muy Mala;;;Limpieza 
53;2026-04-11T17:03:15.839Z;;Varón,Joven;Partido Colorado;-273.982.005;-56.862.759;Lima;Buena;Buena;Christian Rolon;Arnaldo Cardozo;Recoleccion de basura
54;2026-04-11T17:05:08.715Z;;;Partido Colorado;-273.976.451;-568.607.866;Lima;Mala;Buena;;;Mejorar turismo 
55;2026-04-11T17:06:07.373Z;;Mujer;Partido Colorado;-273.986.149;-568.607.505;Lima;Mala;Mala;Jose Mutti;Luis Cuellar ;Limpieza basura
56;2026-04-11T17:06:26.228Z;;Mujer,Mayor;Partido Colorado;-27.397.887.936.730.400;-5.686.041.627.181.980;Lima ;Mala;Mala;;Ninguno ;Agua 
57;2026-04-11T17:06:33.781Z;Santiago;Mujer,Mayor;Partido Colorado;-273.917.553;-568.656.057;;Buena;Excelente;Christian Rolon;;Trabajos 
58;2026-04-11T17:06:34.425Z;;Mujer,Mayor;Partido Colorado;-27.397.781;-568.634.922;Lima;Muy Mala;Buena;Christian Rolon;Mario CaĂ±ete;Trabajo 
59;2026-04-11T17:08:49.555Z;;;Partido Colorado;-27.397.419;-568.615.888;Lima;Muy Mala;Muy Mala;Jose Mutti;Ramón palacios ;Agua potable 
60;2026-04-11T17:11:34.860Z;;;Partido Colorado;-273.972.364;-568.620.884;Lima;Muy Mala;Muy Mala;Jose Mutti;Carlos ramirez ;Agua potable 
61;2026-04-11T17:12:37.063Z;;Mujer,Joven;Partido Colorado;-273.977.020.859.371;-5.686.112.303.570.060;Lima ;Muy Mala;Muy Mala;Jose Mutti;Ninguno ;Camino 
62;2026-04-11T17:12:54.628Z;;Mujer,Joven;Partido Colorado;-273.982.534;-568.616.254;Lima;Buena;Buena;;Ninguna ;Nada
63;2026-04-11T17:14:21.971Z;Santiago;Mujer,Mayor;Partido Colorado;-273.919.127;-568.628.758;Virgen del pilar ;Buena;Buena;Jose Mutti;;Agua 
64;2026-04-11T17:16:30.676Z;;Varón,Mayor;Partido Colorado;-273.975.753;-56.863.541;Lima;Mala;Mala;Christian Rolon;CaĂ±ete;Recoleccion
65;2026-04-11T17:16:46.112Z;Santiago;Mujer,Mayor;Partido Colorado;-273.917.757;-568.626.054;Virgen del pilar ;NS/NR;Buena;;Ns nr;Agua, electricidad 
66;2026-04-11T17:19:16.350Z;;;Partido Colorado;-273.965.086;-568.640.884;Lima;Mala;Mala;;;Agua potable 
67;2026-04-11T17:19:38.407Z;;Varón,Joven;Partido Colorado;-27.396.816.630.045;-5.686.358.913.938.970;Lima ;Buena;Buena;;Ninguno ;Camino 
68;2026-04-11T17:22:08.477Z;;Mujer,Joven;Partido Colorado;-273.973.472;-56.864.286;Lima;Buena;Mala;Christian Rolon;William Aquino;Agua
69;2026-04-11T17:22:19.484Z;;Joven,Varón;Partido Colorado;-273.983.346;-568.625.306;Lima ;Mala;Mala;Jose Mutti;Alejandro Sanchez;Basura 
70;2026-04-11T17:22:51.458Z;;Varón,Joven;Partido Colorado;-27.396.980.137.739.100;-5.686.368.480.645.700;Lima ;Mala;Muy Mala;Jose Mutti;Ninguno ;Camino 
72;2026-04-11T17:26:52.571Z;;Varón,Mayor;Partido Colorado;-27.396.504.081.419.100;-56.864.202.084.256.700;Lima ;Muy Mala;Muy Mala;Jose Mutti;Ninguno ;Agua 
73;2026-04-11T17:28:54.615Z;;;Partido Colorado;-273.952.901;-568.650.852;Lima;Muy Mala;Buena;;;Agua potable 
74;2026-04-11T17:30:16.365Z;;;Partido Colorado;-273.952.445;-568.651.516;Lima;NS/NR;NS/NR;;;Todo
76;2026-04-11T17:34:37.110Z;;;Partido Colorado;-273.948.673;-568.654.411;Lima;Mala;Muy Mala;;;Todo
77;2026-04-11T17:35:55.370Z;;Varón,Joven;Partido Colorado;-2.739.552.055.538.870;-56.864.922.028.698.900;Lima ;Mala;Muy Mala;Jose Mutti;Elias leguizamon ;Camino 
78;2026-04-11T17:36:06.641Z;Santiago;Varón,Adulto Mayor;Partido Colorado;-27.388.738;-568.659.997;Virgen del pilar ;Buena;Buena;Christian Rolon;;Todo
79;2026-04-11T17:37:30.594Z;;Varón,Mayor;Partido Colorado;-27.395.663.118.844.000;-5.686.483.758.834.030;Lima ;Muy Mala;Muy Mala;Jose Mutti;Ninguno ;Agua
80;2026-04-11T17:39:29.558Z;Santiago;Mujer,Mayor;Partido Colorado;-273.887.687;-568.662.449;;Muy Mala;Muy Mala;Jose Mutti;Marin ;Agua 
81;2026-04-11T17:43:56.205Z;;Varón,Mayor;Partido Colorado;-27.387.793;-568.650.059;Virgen del pilar ;Buena;Buena;Jose Mutti;Arnildo bernal ;
82;2026-04-11T17:47:56.559Z;;Mujer,Mayor;Partido Colorado;-273.877.992;-568.649.857;Yataity;Buena;Buena;Christian Rolon;Carlos Marin ;Agua
83;2026-04-11T17:49:04.745Z;;Mujer,Joven;Partido Colorado;-273.881.164;-568.651.588;Yataity;NS/NR;Mala;Jose Mutti;Mario Cańete;Humo
84;2026-04-11T17:51:19.579Z;;Varón,Mayor;Partido Colorado;-273.874.323;-568.650.945;Yataity;Buena;Buena;Jose Mutti;Miguel Amarilla;Agua
85;2026-04-11T17:56:28.330Z;Santiago;Mujer;Partido Colorado;-273.918.615;-568.580.118;;Buena;Muy Mala;Christian Rolon;Wlian;Mas trabajo 
86;2026-04-11T17:57:47.177Z;;Mujer,Mayor;Partido Colorado;-2.739.163.711.148.710;-5.685.780.685.896.880;Santa Ana ;Buena;Buena;Christian Rolon;Cecilio Arias ;Camino 
87;2026-04-11T17:59:53.224Z;Santiago;Mujer;Partido Colorado;-273.919.375;-568.576.872;Santa ana 100;;Mala;Jose Mutti;;Limpieza de basura 
88;2026-04-11T18:00:37.311Z;;Mujer,Mayor;Partido Colorado;-2.739.143.621.146.500;-56.858.045.633.572.300;Santa Ana ;Mala;Muy Mala;Christian Rolon;Ninguno ;Recolección de basura 
89;2026-04-11T18:00:43.036Z;;Varón,Adulto Mayor;Partido Colorado;-273.871.118;-568.643.145;Yataity;Mala;Mala;Jose Mutti;Wilfrido Jacquet ;Agua
90;2026-04-11T18:02:14.274Z;;Varón,Joven;Partido Colorado;-273.872.527;-568.643.984;Yataity;Excelente;Excelente;Jose Mutti;Ning;Basura 
91;2026-04-11T18:02:38.068Z;Santiago;Mayor;Partido Colorado;-273.918.776;-568.570.139;100;Buena;Buena;Jose Mutti;Sofi;Falta de trabajo
92;2026-04-11T18:03:18.231Z;;Mujer,Mayor;Partido Colorado;-27.391.259.362.170.600;-56.858.018.356.542.500;Santa Ana;Muy Mala;Muy Mala;Christian Rolon;Ninguno ;Iluminación 
93;2026-04-11T18:04:43.859Z;Santiago;Mujer;;-273.919.414;-568.566.399;100;Buena;Mala;Christian Rolon;;Todo 
94;2026-04-11T18:05:45.827Z;;Mujer,Joven;Partido Colorado;-27.387.259;-568.642.477;Yataity;Buena;Buena;Christian Rolon;N;Basura humo
95;2026-04-11T18:06:22.621Z;Santiago;Mayor;Partido Colorado;-273.919.094;-568.566.187;100;Muy Mala;Muy Mala;Gabriel Alfonso;Jose gimenez;Todo
96;2026-04-11T18:08:13.567Z;;Varón,Joven;Partido Colorado;-2.739.084.813.918.870;-5.685.756.097.651.700;Santa Ana ;Mala;Buena;Christian Rolon;Miguel MArin ;Camino 
97;2026-04-11T18:08:24.625Z;;Mujer,Mayor;Partido Colorado;-273.871.182;-56.863.616;Yataity;Mala;Mala;Christian Rolon;Luis cuellar;Agua
98;2026-04-11T18:09:33.925Z;Santiago;Varón;Partido Colorado;-273.907.891;-568.569.741;100;Mala;Muy Mala;Jose Mutti;Carlos ;La iluminación 
99;2026-04-11T18:12:36.416Z;;Varón,Mayor;Partido Colorado;-27.390.587.101.676.000;-56.857.373.370.800.500;Santa Ana ;Mala;Muy Mala;Jose Mutti;Ninguna ;Agua 
100;2026-04-11T18:14:42.287Z;;Varón,Mayor;Partido Colorado;-273.872.072;-568.625.858;Yataity;Mala;Mala;;;
101;2026-04-11T18:15:19.133Z;;Varón,Mayor;Partido Colorado;-27.390.677.275.791.000;-5.685.724.560.334.450;Santa Ana ;Mala;Mala;Jose Mutti;Sofia Troche ;Recolección de basura 
102;2026-04-11T18:18:03.738Z;Santiago;Mujer;Partido Colorado;-273.904.974;-568.569.823;;Muy Mala;Muy Mala;Jose Mutti;Sofi;Agua potable
103;2026-04-11T18:18:39.622Z;;Mujer,Mayor;Partido Colorado;-2.739.057.270.123.670;-5.685.716.673.695.740;Santa Ana ;Mala;Muy Mala;;Ninguna ;Camino 
104;2026-04-11T18:18:46.748Z;;Mujer,Mayor;Partido Colorado;-273.873.417;-568.631.542;Yataity;Mala;Muy Mala;;Sofia Troche;Agua
105;2026-04-11T18:18:55.308Z;;Mujer,Mayor;Partido Colorado;-273.873.947;-568.619.433;Yataity;Muy Mala;Mala;Jose Mutti;Arnildo Bernal;Camino vecinal
106;2026-04-11T18:25:09.115Z;;Varón;Partido Colorado;-268.898.279;-568.514.267;;Excelente;Excelente;Ninguno;N;
107;2026-04-11T18:25:22.261Z;Santiago;Mujer;Partido Colorado;-273.903.947;-568.566.395;Santa ana;Mala;Muy Mala;Gabriel Alfonso;;Agua potable 
108;2026-04-11T18:26:47.407Z;;Varón,Mayor;Partido Colorado;-27.390.431.572.250.100;-5.685.657.000.023.170;Santa Ana ;Mala;Muy Mala;Jose Mutti;Ninguno ;Agua 
109;2026-04-11T18:27:03.690Z;;Varón,Mujer,Mayor;Partido Colorado;-273.876.335;-568.624.865;Yataity;Buena;Mala;Christian Rolon;William Rodriguez ;Agua
110;2026-04-11T18:29:18.252Z;Santiago;Varón;Partido Colorado;-273.904.187;-568.557.425;Santa ana ;Mala;Mala;Jose Mutti;Marin;Agua potable 
111;2026-04-11T18:29:31.121Z;;Varón,Mayor;Partido Colorado;-27.390.318.756.353.500;-5.685.625.560.580.590;Santa Ana ;Mala;Mala;;Ninguno ;Agua 
112;2026-04-11T18:29:40.058Z;;Varón,Mayor;Partido Colorado;-273.876.085;-568.614.375;Yataity;Muy Mala;Muy Mala;Christian Rolon;;Agua
113;2026-04-11T18:29:54.775Z;;Varón,Mayor;Partido Colorado;-273.872.074;-568.639.445;Yat;NS/NR;NS/NR;Jose Mutti;Sofia Troche;
114;2026-04-11T18:31:54.022Z;;Varón,Mayor;Partido Colorado;-273.877.455;-568.648.868;Yataity;Buena;Buena;Christian Rolon;Ning;Caminos
115;2026-04-11T18:32:08.950Z;;Mujer,Mayor;Partido Colorado;-273.872.311;-568.612.082;Yataity;Mala;Mala;Christian Rolon;WILLIAN AQUINO ;Agua
116;2026-04-11T18:33:11.082Z;;Mujer,Joven;Partido Colorado;-2.739.021.000.226.260;-568.560.579.845.082;Santa Ana ;Mala;Mala;Jose Mutti;Ninguno ;Agua 
117;2026-04-11T18:38:26.812Z;Santiago;Mujer;Partido Colorado;-273.897.718;-568.558.318;Santa ana ;Muy Mala;Muy Mala;Jose Mutti;;Alimentación escolar 
118;2026-04-11T18:41:23.737Z;Santiago;Mayor;Partido Colorado;-273.897.576;-568.561.817;Santa ana;Mala;Buena;;;Salud
119;2026-04-11T18:52:07.454Z;;Varón,Adulto Mayor;Partido Colorado;-273.792.029;-568.451.088;Sirena ;Mala;Buena;Jose Mutti;CACERES;Fuente trabajo 
120;2026-04-11T18:52:27.124Z;;;Partido Colorado;-273.796.291;-56.843.838;Sirena;Muy Mala;Muy Mala;;Denis dior;Todo
121;2026-04-11T18:53:12.377Z;;Mujer,Joven;Partido Colorado;-2.737.903.236.459.580;-5.684.419.006.472.270;Sirena ;Mala;Muy Mala;Christian Rolon;Edgardo Villalba ;Recolección de basura 
122;2026-04-11T18:55:36.521Z;;Mujer,Joven;Partido Colorado;-27.378.869;-56.844.919;Sirena;Mala;Buena;Jose Mutti;;Trabajo
123;2026-04-11T18:55:51.351Z;;Mujer,Mayor;Partido Colorado;-27.378.802.507.236.600;-5.684.411.005.941.500;Sirena ;Mala;Muy Mala;;Ninguno ;Camino 
124;2026-04-11T18:55:53.377Z;;;Partido Colorado;-273.796.584;-568.432.053;Sirena;Mala;Mala;Jose Mutti;;
125;2026-04-11T18:56:44.425Z;;Mujer,Joven;Partido Colorado;-273.788.806;-568.462.985;Sirena;Buena;Buena;Jose Mutti;Shirley Dioff;Apoya a emprendedores
126;2026-04-11T18:57:47.762Z;;Varón,Mayor;Partido Colorado;-27.378.863.874.493.400;-56.844.139.878.204.900;Sirena ;Mala;Muy Mala;;Ninguno ;Camino 
127;2026-04-11T18:59:25.876Z;;;Partido Colorado;-273.797.502;-568.420.503;;Buena;Muy Mala;Jose Mutti;Hugo ramirez;Todo
128;2026-04-11T19:00:26.239Z;;Mujer,Mayor;Partido Colorado;-273.782.882;-568.446.613;Sirena;Buena;Buena;Jose Mutti;Elias Leguizamon;Agua
129;2026-04-11T19:00:27.312Z;;Mujer,Joven;Partido Colorado;-273.792.488;-568.468.371;Sirena;Buena;Excelente;Christian Rolon;Ninguna ;Centro de salud 
130;2026-04-11T19:03:34.132Z;;Mujer,Mayor;Partido Colorado;-273.784.295;-568.446.692;Sirena;Muy Mala;Muy Mala;Jose Mutti;William Aquino ;Caminos vecinales 
131;2026-04-11T19:04:35.615Z;;Varón,Mayor;Partido Colorado;-27.377.965.885.404.500;-5.684.390.526.574.190;Sirena ;Mala;Muy Mala;Jose Mutti;Ninguno ;Recolección de basura 
132;2026-04-11T19:06:03.058Z;;Mujer,Joven;Partido Colorado;-273.782.805;-568.463.112;Sieena;Buena;Mala;Jose Mutti;Elias Leguizamon;Los caminos 
133;2026-04-11T19:06:08.351Z;;Varón,Mayor;Partido Colorado;-273.782.386;-568.445.082;Sirena;Mala;Muy Mala;Jose Mutti;WILLIAN RODRIGUEZ;Agua
134;2026-04-11T19:07:50.460Z;;Varón,Mayor;Partido Colorado;-2.737.766.249.763.760;-5.684.367.496.268.450;Sirena ;Mala;Muy Mala;;Ninguno ;Camino 
135;2026-04-11T19:08:58.137Z;;Varón,Mayor;Partido Colorado;-273.783.646;-568.462.043;Sirena;NS/NR;NS/NR;;Ninguna ;Baches agua 
136;2026-04-11T19:11:08.858Z;;Mayor;Partido Colorado;-273.782.013;-568.463.381;Sirena;Mala;Mala;Jose Mutti;Ninguna ;Fuente de trabajo y pago de sueldo
137;2026-04-13T11:26:54.786Z;Mabel;Mujer, Mayor;Partido Colorado;-273.820.328;-568.450.381;Núcleo 1;Buena;Mala;Jose Mutti;Carlos Hijo de la profe Celeste ;Recolección de basura 
138;2026-04-13T11:27:48.584Z;Miguel;Mayor;Partido Colorado;-273.825.148;-56.846.116;Núcleo 1;Buena;Buena;;;Todo
139;2026-04-13T11:35:15.366Z;Santiago;Mujer, Mayor;Partido Colorado;-273.821.407;-568.445.543;;Buena;Mala;;Hugiyo ramirez ;Agua y luz 
140;2026-04-13T11:39:56.294Z;Mabel;Mujer, Mayor;Partido Colorado;-273.821.171;-568.462.229;Núcleo 1;Buena;Mala;Jose Mutti;Sofia Troche;Agua, recolección de basura a tiempo
141;2026-04-13T11:48:18.590Z;Santiago;Mujer, Joven;Partido Colorado;-27.383.328;-568.457.922;Lote 4 ;Muy Mala;Muy Mala;;;Todo 
142;2026-04-13T11:51:41.130Z;Miguel;Mayor;Partido Colorado;-273.841.042;-56.846.003;Núcleo 1;Buena;Muy Mala;Christian Rolon;;Recolección de basura 
143;2026-04-13T11:56:06.274Z;Miguel;;Partido Colorado;-273.842.241;-56.846.738;Núcleo 1;;Muy Mala;;Arnildo ;Todo
144;2026-04-13T11:58:20.577Z;Miguel;Mujer;Partido Colorado;-273.845.305;-568.467.018;Núcleo 1;NS/NR;NS/NR;;;Rutas 
145;2026-04-13T12:01:59.560Z;Miguel;Joven, Mujer;Partido Colorado;-273.846.501;-568.458.061;Núcleo 1;Mala;Muy Mala;Jose Mutti;Wilian;Las rutas 
146;2026-04-13T12:02:52.060Z;Santiago;Mujer, Mayor;Partido Colorado;-273.835.497;-568.443.725;Núcleo 1;Buena;Buena;Jose Mutti;William Aquino;Todo 
147;2026-04-13T12:03:46.950Z;Miguel;;Partido Colorado;-27.384.654;-568.457.356;Núcleo 1;Mala;Mala;Jose Mutti;Wilian ;Todo
148;2026-04-13T12:13:53.574Z;Santiago;Mujer, Mayor;Partido Colorado;-273.843.334;-568.446.374;Núcleo 1;Buena;Buena;Jose Mutti;;Recolección de basura 
149;2026-04-13T12:23:31.396Z;Mabel;Varón, Joven;Partido Colorado;-273.825.382;-568.451.715;;Mala;Buena;Jose Mutti;Diego Barreto;Todos
151;2026-04-13T12:32:25.831Z;Miguel;Mayor;Partido Colorado;-273.865.164;-568.471.583;Núcleo 2;Mala;Mala;Jose Mutti;Amarilla;Todo
152;2026-04-13T12:32:31.134Z;Santiago;Adulto Mayor, Varón;Partido Colorado;-273.851.235;-568.477.513;Núcleo 2;Mala;Mala;Jose Mutti;Miguel savala ;Trabajos 
154;2026-04-13T12:35:44.527Z;Santiago;Mujer,Adulto Mayor;Partido Colorado;-273.844.965;-568.472.121;Núcleo 2;Buena;Mala;Christian Rolon;;Todo 
155;2026-04-13T12:40:12.149Z;Santiago;Mujer, Mayor;;-273.841.679;-568.469.644;Núcleo 2;Muy Mala;Muy Mala;;;Todo 
156;2026-04-13T12:40:20.752Z;Mabel;Varón, Mayor;Partido Colorado;-273.844.099;-568.490.733;Núcleo 2;Buena;Muy Mala;Jose Mutti;Sra de Caballero ;Pago de personal
157;2026-04-13T12:42:04.446Z;Miguel;Mujer;Partido Colorado;-273.861.189;-568.478.251;Núcleo 2;Excelente;Buena;Jose Mutti;;Recolección de basura 
158;2026-04-13T12:43:20.114Z;Miguel;Mujer;Partido Colorado;-273.860.857;-568.478.616;Núcleo 2;Excelente;Buena;Jose Mutti;;Recolección de basura 
159;2026-04-13T12:43:20.130Z;Mabel;Varón, Joven;Partido Colorado;-273.845.707;-568.494.675;Núcleo 2;;Buena;Christian Rolon;Beby cardoso;
160;2026-04-13T12:49:40.605Z;Mabel;;Partido Colorado;-27.384.351;-568.495.671;Núcleo 2;Mala;Mala;;N;Todo
161;2026-04-13T12:51:43.340Z;Miguel;Mayor;Partido Colorado;-273.858.146;-568.471.565;Núcleo 2;Buena;Muy Mala;Jose Mutti;Diosnel;Recolección de basura 
162;2026-04-13T12:54:10.454Z;Santiago;Mujer, Joven;Partido Colorado;-273.848.741;-568.483.451;Núcleo 2;Mala;Buena;Jose Mutti;;Agua
163;2026-04-13T12:57:21.764Z;Miguel;Mujer;Partido Colorado;-27.385.223;-568.486.539;Núcleo 2;Muy Mala;Muy Mala;Jose Mutti;Barrero;Todo
164;2026-04-13T12:57:49.847Z;Mabel;Mujer, Mayor;Partido Colorado;-273.838.275;-56.849.283;Núcleo 2;Excelente;Excelente;Jose Mutti;Ninguno;Pago de personales
165;2026-04-13T13:01:03.409Z;Santiago;;Partido Colorado;-273.841.358;-568.484.997;Núcleo 2;Mala;Mala;Jose Mutti;Ramirez ;Salud, hambre 
166;2026-04-13T13:01:27.430Z;Mabel;Mujer, Mayor;Partido Colorado;-273.836.032;-568.492.647;Núcleo 2;Buena;Buena;Christian Rolon;Ningún ;Recolección de basura 
167;2026-04-13T13:03:04.893Z;Miguel;Joven, Varón;Partido Colorado;-273.843.698;-568.489.832;Núcleo 2;Buena;Muy Mala;Christian Rolon;;Recolección de basura 
168;2026-04-13T13:05:51.526Z;Santiago;Mujer, Joven;Partido Colorado;-273.838.107;-568.479.798;Núcleo 2;Mala;Buena;;;Recolección de basura, cuidado a las infraestructuras
169;2026-04-13T13:09:43.712Z;Mabel;Mujer, Mayor;Partido Colorado;-273.835.573;-568.487.585;Núcleo 2;Mala;Mala;;Ning;Todos
170;2026-04-13T13:18:53.369Z;Miguel;Joven;Partido Colorado;-273.868.303;-568.499.807;Núcleo 3;Mala;Mala;;Carlos ramirez ;Seńalizacion 
171;2026-04-13T13:20:00.226Z;Santiago;Mujer, Joven;Partido Colorado;-273.862.694;-568.506.917;Núcleo 3;Buena;Mala;Christian Rolon;;Todo
172;2026-04-13T13:20:50.873Z;Santiago;Mujer, Adulto Mayor;Partido Colorado;-273.862.357;-568.507.611;Núcleo 3;Mala;Buena;;Doctora talavera;Todo
173;2026-04-13T13:22:52.845Z;Miguel;Varón;Partido Colorado;-273.869.535;-56.850.053;Núcleo 3;Excelente;Excelente;Christian Rolon;2A opinión 6;Recolección de basura 
174;2026-04-13T13:26:40.159Z;Miguel;Varón,Mayor;Partido Colorado;-273.870.023;-568.497.868;Núcleo 4;Muy Mala;Muy Mala;Jose Mutti;Gricelda talavera;Todo 
175;2026-04-13T13:29:29.433Z;Santiago;Mujer, Mayor;Partido Colorado;-273.857.749;-56.850.393;Núcleo 4;Buena;Buena;;Ingrid ;Recolección 
176;2026-04-13T13:32:28.428Z;Santiago;Mujer, Mayor;Partido Colorado;-273.855.706;-568.501.524;Núcleo 4;Muy Mala;Mala;Jose Mutti;Hugo ramirez;Recolección 
177;2026-04-13T13:32:47.367Z;Mabel;Mujer, Mayor;;-273.855.597;-568.515.962;Núcleo 4;Buena;Muy Mala;Jose Mutti;Ninguna;Todo 
178;2026-04-13T13:34:00.167Z;Miguel;Mujer, Joven;Partido Colorado;-273.879.351;-568.487.128;Núcleo 3;Buena;Mala;Jose Mutti;Arnildo;Todo 
179;2026-04-13T13:35:39.257Z;Mabel;Mujer, Joven;Partido Colorado;-273.856.352;-568.516.148;Núcleo 4;Muy Mala;Muy Mala;Christian Rolon;Ninguno;Pago de personal
180;2026-04-13T13:36:00.730Z;Miguel;Varón, Joven;Partido Colorado;-273.877.781;-568.482.951;Núcleo 3;Buena;Buena;Christian Rolon;Wlirfrido;Agua potable 
181;2026-04-13T13:37:41.872Z;Miguel;Varón, Mayor;Partido Colorado;-273.877.812;-568.483.164;Núcleo 3;NS/NR;NS/NR;;;Todo
182;2026-04-13T13:38:46.185Z;Mabel;Mujer, Joven;;-27.385.293;-568.511.147;Núcleo 4;Muy Mala;Mala;;Ninguna ;Camino trabajo 
184;2026-04-13T13:42:46.924Z;Miguel;Mujer, Joven;Partido Colorado;-273.869.518;-568.487.337;Núcleo 4;Muy Mala;Muy Mala;Christian Rolon;Ellas legizamon;Las rutas 
185;2026-04-13T13:46:51.148Z;Mabel;Varón, Mayor;Partido Colorado;-273.849.286;-568.508.792;Núcleo 4;Buena;Buena;Jose Mutti;Ninguna ;
186;2026-04-13T13:49:41.122Z;Santiago;Mujer;Partido Colorado;-273.863.591;-568.477.741;Núcleo 4;Buena;Buena;;;Recolección 
187;2026-04-13T13:54:21.664Z;Santiago;;Partido Colorado;-273.872.379;-568.463.134;Núcleo 3;Excelente;Buena;;;Salud 
188;2026-04-13T13:56:12.264Z;Santiago;Varón,Joven;Partido Colorado;-273.874.514;-568.463.448;NĂşcleo 3;Buena;Mala;Christian Rolon;Diosnel bogado ;Agua 
189;2026-04-13T14:02:41.299Z;Miguel;Mujer, Mayor;Partido Colorado;-273.868.422;-568.473.617;Núcleo 3;Mala;Muy Mala;;Sofia troche;Todo
190;2026-04-13T14:04:18.037Z;Santiago;Varón, Mayor;Partido Colorado;-273.862.866;-568.447.454;Núcleo 3;Excelente;Excelente;;Ns nr ;Recolección y eliminación de basura 
191;2026-04-13T14:07:12.761Z;Mabel;Mujer, Mayor;;-273.852.793;-568.454.313;Núcleo 3;Mala;Buena;;Ninguna ;Limpieza 
192;2026-04-13T14:08:10.641Z;Miguel;Mujer, Adulto Mayor;Partido Colorado;-273.873.044;-568.466.588;Núcleo 3;Mala;Mala;;;Recolección de basura 
193;2026-04-13T14:11:05.635Z;Miguel;Mujer, Joven;Partido Colorado;-27.387.583;-568.464.275;Núcleo 3;Muy Mala;Muy Mala;Jose Mutti;Diego barreto;Recolección de basura 
194;2026-04-13T14:11:10.597Z;Santiago;Mujer, Adulto Mayor;Partido Colorado;-273.858.806;-568.447.424;Núcleo 3;Mala;Mala;;;Todo 
195;2026-04-13T14:13:38.103Z;Miguel;Varón, Mayor;Partido Colorado;-273.876.187;-568.464.211;Núcleo 3;Buena;Mala;Christian Rolon;Miguel cuella;Todo
196;2026-04-13T14:15:34.778Z;Mabel;Varón, Joven;Partido Colorado;-27.384.894;-568.446.471;Núcleo 3;;Muy Mala;Jose Mutti;Roberto Ranoni;Todas
197;2026-04-13T14:17:51.687Z;Santiago;Mujer, Mayor;Partido Colorado;-273.859.018;-568.455.906;Núcleo 3;Excelente;Buena;Christian Rolon;;Agua caminos 
198;2026-04-13T14:19:09.889Z;Mabel;Mujer, Mayor;Partido Colorado;-273.848.993;-568.451.025;Núcleo 3;Mala;Muy Mala;Jose Mutti;Rosana villalba;Limpieza recolección de basura, agua desagues 
199;2026-04-13T14:21:38.987Z;Miguel;Mujer, Mayor;Partido Colorado;-273.877.802;-568.481.418;Núcleo 3;Buena;Buena;Christian Rolon;;Falta de trabajo 
200;2026-04-13T14:24:45.448Z;Miguel;Mujer, Joven;Partido Colorado;-273.877.983;-568.479.998;Núcleo 3;Mala;Mala;;;Todo
201;2026-04-13T14:25:48.881Z;Santiago;Mujer, Joven;Partido Colorado;-273.862.757;-568.455.747;Núcleo 3;Buena;Buena;Jose Mutti;Hugito ramirez ;Cuidado de áreas verdes 
202;2026-04-13T14:29:20.274Z;Miguel;Mujer, Joven;Partido Colorado;-273.878.159;-568.475.938;Núcleo 3;Muy Mala;Buena;;;Recolección de basura 
204;2026-04-13T14:32:15.005Z;Santiago;Mujer, Mayor;Partido Colorado;-273.866.716;-568.463.551;Núcleo 3;Muy Mala;Mala;Jose Mutti;Ramon palacios ;Recolección, trabajos 
205;2026-04-13T14:42:40.833Z;Miguel;Mujer, Mayor;Partido Colorado;-273.847.787;-568.430.229;Núcleo 6;Mala;Mala;Jose Mutti;;Recolección de basura 
206;2026-04-13T14:44:31.924Z;Miguel;Mujer, Mayor;Partido Colorado;-273.844.181;-568.428.449;Núcleo 6;Mala;Muy Mala;Jose Mutti;;Recolección de basura 
207;2026-04-13T14:46:17.547Z;Mabel;Varón, Mayor;;-273.854.302;-568.390.205;;Buena;Buena;Jose Mutti;Sofia Troche;Todas las areas
208;2026-04-13T14:47:06.068Z;Santiago;Mujer, Mayor;Partido Colorado;-273.827.022;-568.422.322;Núcleo 5;Mala;Mala;Jose Mutti;;Trabajos 
210;2026-04-13T14:52:11.067Z;Miguel;Mujer, Mayor;Partido Colorado;-273.840.384;-568.424.097;Núcleo 6;Mala;Buena;Christian Rolon;Carlos ramirez ;Recolección de basura 
211;2026-04-13T14:52:47.343Z;Santiago;;Partido Colorado;-273.825.808;-56.841.653;Núcleo 5;Mala;Muy Mala;Jose Mutti;Carlos ramirez;Trabajos 
212;2026-04-13T14:53:26.201Z;Mabel;;;-273.857.561;-568.392.875;;NS/NR;NS/NR;;Rosana Villalba;Agua
213;2026-04-13T14:56:18.901Z;Miguel;Varón, Mayor;Partido Colorado;-273.841.038;-568.419.151;Núcleo 6;Buena;Buena;Christian Rolon;Talavera;Todos los servicios 
214;2026-04-13T15:00:39.645Z;Santiago;Adulto Mayor, Mujer;Partido Colorado;-273.827.682;-568.409.035;Núcleo 5;Buena;Mala;;;Limpieza y recolección 
215;2026-04-13T15:01:26.033Z;Mabel;Mujer, Joven;Partido Colorado;-273.863.823;-568.399.997;;Buena;Muy Mala;Christian Rolon;Ninguno;Limpieza 
216;2026-04-13T15:01:41.464Z;Miguel;Varón, Joven;Partido Colorado;-273.843.482;-568.410.492;Núcleo 6;Buena;Buena;Christian Rolon;;Agua potable 
217;2026-04-13T15:03:31.182Z;Mabel;Mayor, Mujer;Partido Colorado;-273.863.572;-568.399.889;;Muy Mala;Muy Mala;Jose Mutti;Sofia Troche;Todos
218;2026-04-13T15:06:53.973Z;Mabel;Joven;;-27.386.653;-568.402.483;;Buena;Buena;Christian Rolon;Carlos Arrua;Limpieza 
219;2026-04-13T15:07:34.998Z;Santiago;Mayor, Mujer;Partido Colorado;-273.827.994;-568.399.851;Núcleo 5;Muy Mala;Muy Mala;Jose Mutti;Arnaldo cardozo ;Recolección 
220;2026-04-13T15:10:20.372Z;Mabel;Mujer, Mayor;;-273.867.666;-568.401.365;Núcleo 7;Mala;Mala;Jose Mutti;Edgardo Villalba;Limpieza 
221;2026-04-13T15:11:26.901Z;Miguel;Varón, Mayor;Partido Colorado;-273.849.276;-56.843.794;Núcleo 6;Buena;Buena;Christian Rolon;Jose vera;Transporte 
223;2026-04-13T15:15:14.979Z;Santiago;Varón, Mayor;Partido Colorado;-273.826.815;-568.391.745;Núcleo 5;Buena;Buena;Christian Rolon;William aquino;Salud 
224;2026-04-13T15:17:00.666Z;Miguel;Mujer, Joven;Partido Colorado;-273.839.836;-56.842.393;Núcleo 6;Muy Mala;Mala;Christian Rolon;Wilian aquino;Recolección de basura 
225;2026-04-13T15:17:53.334Z;Santiago;Mujer, Mayor;Partido Colorado;-273.826.179;-568.386.338;Núcleo 5;Muy Mala;Muy Mala;;;Todo 
226;2026-04-13T15:18:31.841Z;Mabel;Mujer, Mayor;Partido Colorado;-27.386.871;-568.395.572;Núcleo 7;Buena;Buena;Jose Mutti;William Aquino ;Basura
227;2026-04-13T15:19:57.596Z;Santiago;Mujer, Mayor;Partido Colorado;-273.827.637;-568.384.041;;Mala;Muy Mala;Jose Mutti;;Todo 
228;2026-04-13T15:19:58.392Z;Miguel;Mujer, Joven;Partido Colorado;-273.839.953;-568.416.033;Núcleo 6;Buena;Buena;Jose Mutti;;Rutas 
230;2026-04-13T15:24:55.701Z;Miguel;Mujer, Joven;Partido Colorado;-273.842.045;-568.407.982;Núcleo 6;Buena;Buena;Christian Rolon;;Todo
231;2026-04-13T15:25:04.147Z;Mabel;Mujer, Joven;Partido Colorado;-273.865.955;-568.393.234;Núcleo 7;Buena;Mala;;Diego Barreto ;Recolección de basura vendedor reubicacion
232;2026-04-13T15:28:41.722Z;Santiago;Mujer, Mayor;Partido Colorado;-27.381.852;-568.389.643;Núcleo 5;Excelente;Buena;Christian Rolon;Daniel maciel ;Electricidad 
233;2026-04-13T15:29:23.294Z;Mabel;Mujer, Joven;Partido Colorado;-273.867.956;-568.392.534;Núcleo 7;Buena;Buena;;Dra Talavera;Desague Cloacal
234;2026-04-13T15:29:31.756Z;Miguel;;PLRA;-273.848.807;-568.406.685;;Buena;Buena;Christian Rolon;Edgardo;Cobro taza de impuestos 
235;2026-04-13T15:34:10.614Z;Santiago;Mujer, Mayor;Partido Colorado;-273.817.968;-568.401.427;Núcleo 5;Muy Mala;Muy Mala;Jose Mutti;;Todo 
236;2026-04-13T15:36:40.469Z;Miguel;Varón, Mayor;Partido Colorado;-273.838.516;-568.401.403;Núcleo 6;Buena;Buena;Christian Rolon;Denis ;Agua potable 
237;2026-04-13T15:37:26.050Z;Mabel;Mujer, Joven;Partido Colorado;-273.864.614;-568.388.711;Núcleo 7;Mala;Mala;Jose Mutti;Sofia Troche;Desagüe cloacal
238;2026-04-13T15:39:02.717Z;Santiago;Mujer, Mayor;Partido Colorado;-273.817.207;-568.406.427;Núcleo 5;Buena;Buena;Christian Rolon;Miguel marin;Recolección y limpieza 
239;2026-04-13T15:39:31.216Z;Miguel;Varón, Joven;Partido Colorado;-27.383.797;-5.684.021;Núcleo 6;Mala;Mala;Christian Rolon;Edgardo ;Recolección de basura 
240;2026-04-13T15:40:24.889Z;Mabel;Mujer, Mayor;Partido Colorado;-273.860.413;-568.389.174;Núcleo 7;Mala;Mala;Jose Mutti;Dra Talavera;Todos
241;2026-04-13T15:43:36.912Z;Mabel;Varón, Mayor;Partido Colorado;-273.858.068;-568.385.904;Núcleo 7;Mala;Mala;Jose Mutti;Hijo de lorenzo oriel;
242;2026-04-13T15:44:04.357Z;Santiago;Mujer, Mayor;Partido Colorado;-273.821.033;-568.422.124;Núcleo 5;Mala;Muy Mala;Christian Rolon;Arnaldo cardozo ;Sueldos agua recolección 
243;2026-04-13T15:46:56.742Z;Mabel;Mujer, Mayor;Partido Colorado;-273.860.156;-568.382.838;Núcleo 7;Mala;Buena;Jose Mutti;Cardozo;Limpieza 
244;2026-04-13T16:29:29.887Z;Miguel;Mujer,Joven;Partido Colorado;-274.109.378;-569.634.127;Compańia Coratei;Muy Mala;Muy Mala;Jose Mutti;Ingrid ;Agua potable 
245;2026-04-13T16:31:55.537Z;Santiago;Mujer,Mayor;Partido Colorado;-274.117.991;-569.635.665;Compańia Coratei;Muy Mala;Muy Mala;;;Todo 
246;2026-04-13T16:35:38.482Z;Miguel;Varón, Joven;Otros;-274.113.788;-569.635.916;Compańia Coratei;Buena;Mala;Christian Rolon;Victor ;La ruta 
247;2026-04-13T16:36:12.003Z;Santiago;Mujer,Joven;Partido Colorado;-274.133.406;-569.631.901;Compańia Coratei;Buena;Buena;Christian Rolon;Carlos arrua;Salud 
248;2026-04-13T16:37:01.298Z;Mabel;Mujer;Partido Colorado;-274.277.713;-569.624.859;Compańia Coratei;Excelente;Excelente;Christian Rolon;Ninguno;Ninguna 
249;2026-04-13T16:39:40.834Z;Santiago;Varón,Mayor;Partido Colorado;-274.134.926;-569.634.229;Compańia Coratei;Mala;Mala;;Victor espinola;Gestiones 
250;2026-04-13T16:41:29.788Z;Miguel;Varón, Joven;Partido Colorado;-274.138.555;-569.629.853;Compańia Coratei;Muy Mala;Buena;Christian Rolon;Maximo ;Rutas y loma 
251;2026-04-13T16:43:28.091Z;Mabel;Mujer, Joven;Partido Colorado;-274.266.464;-569.627.216;Compańia Coratei;Buena;Buena;Jose Mutti;Ninguna ;Agua limpieza camino pago de salirio 
252;2026-04-13T16:44:49.314Z;Santiago;Mujer,Joven;Partido Colorado;-274.154.525;-569.633.447;Compańia Coratei;Buena;Mala;Jose Mutti;;Agua rutas 
253;2026-04-13T16:46:21.241Z;Miguel;Varón, Joven;Partido Colorado;-274.154.719;-569.632.863;Compańia Coratei;Mala;Buena;Jose Mutti;Victor;Agua potable 
254;2026-04-13T16:46:21.930Z;Mabel;Joven, Varón;Partido Colorado;-274.257.216;-569.625.108;Compańia Coratei;Excelente;Mala;Christian Rolon;Ellas Leguisamon;Apoyo a emprendedores
255;2026-04-13T16:49:16.667Z;Santiago;Mujer, Mayor;Partido Colorado;-274.163.179;-569.633.339;Compańia Coratei;Muy Mala;Mala;Jose Mutti;Socrate ifu;Salud 
256;2026-04-13T16:49:29.336Z;Mabel;Mujer, Joven;Partido Colorado;-274.251.531;-569.626.863;Compańia Coratei;Buena;Buena;Jose Mutti;Victor Espinola;Agua y recolección de basura 
257;2026-04-13T16:55:04.214Z;Mabel;Mujer, Mayor;Partido Colorado;-274.239.473;-569.623.671;Compańia Coratei;Buena;Buena;Christian Rolon;William Aquino ;Limpieza en gral agua
258;2026-04-13T16:55:31.343Z;Santiago;Mujer, Mayor;Partido Colorado;-274.189.016;-569.631.192;Compańia Coratei;Buena;Buena;Christian Rolon;;Todo 
259;2026-04-13T16:59:26.571Z;Mabel;Varón, Mayor;Partido Colorado;-274.206.947;-569.625.237;Compańia Coratei;Buena;Mala;Christian Rolon;Carlos Ramires;Recolección de basura 
260;2026-04-13T16:59:46.724Z;Santiago;Varón, Adulto Mayor;Partido Colorado;-274.203.565;-569.635.381;Compańia Coratei;Buena;Buena;;;Agua higiene y comodidad 
261;2026-04-16T12:12:02.923Z;Miguel;Joven,Varón;Partido Colorado;-273.570.332;-567.782.279;Las Mercedes;Buena;Mala;;;Ips
262;2026-04-16T12:15:01.644Z;Miguel;Varón,Adulto Mayor;Partido Colorado;-273.564.651;-567.790.682;Las Mercedes;Buena;Buena;Christian Rolon;Daniel;Todo 
263;2026-04-16T12:17:02.640Z;Miguel;Varón,Joven;Partido Colorado;-273.563.176;-567.789.179;Las Mercedes;Buena;Buena;;;Trabajo
264;2026-04-16T12:19:53.623Z;Miguel;Mujer,Mayor;Partido Colorado;-273.561.608;-567.791.469;Las Mercedes;Excelente;Buena;Christian Rolon;Daniel ;
265;2026-04-16T12:21:50.159Z;Miguel;Mujer,Mayor;Partido Colorado;-27.356.116;-567.790.977;Las Mercedes;Buena;Mala;Christian Rolon;Daniel;Agua potable 
266;2026-04-16T12:25:05.262Z;Miguel;Varón,Mayor;Partido Colorado;-273.556.675;-567.790.265;Las Mercedes;Buena;Mala;Jose Mutti;Daniel ;Iluminación 
267;2026-04-16T12:29:46.676Z;Miguel;Mujer,Mayor;;-273.549.657;-567.790.413;;Muy Mala;Muy Mala;Jose Mutti;Wlifrido;
268;2026-04-16T12:33:07.411Z;Miguel;Varón,Mayor;Partido Colorado;-273.547.947;-567.790.203;Las Mercedes;Buena;Mala;Jose Mutti;Daniel ;Ruta
269;2026-04-16T12:40:26.392Z;Mabel;Varón,Mayor;Partido Colorado;-273.581.475;-567.807.337;;Buena;Buena;Christian Rolon;Profe Luis Vera Cuellar;Cloaca en la enrtada de San Antonio  y  
270;2026-04-16T12:40:26.824Z;Mabel;Varón,Mayor;Partido Colorado;-273.582.849;-56.780.219;Las Mercedes;Excelente;Excelente;Jose Mutti;Ninguno;Agua potable 
271;2026-04-16T12:40:27.167Z;Mabel;Varón,Mayor;Partido Colorado;-273.578.084;-56.780.109;Las Mercedes;Excelente;Excelente;Jose Mutti;Ningúno;Limpieza y mejorar servicio de agua
272;2026-04-16T12:40:27.912Z;Mabel;Mujer,Mayor;Partido Colorado;-273.578.103;-567.801.193;Las Mercedes;Muy Mala;Excelente;;Ninguno;Agua limpieza
273;2026-04-16T12:40:28.240Z;Mabel;;;0;0;;Mala;Mala;;William Aquino ;Agua 
274;2026-04-16T12:41:41.407Z;Miguel;Varón,Joven;Partido Colorado;-273.548.784;-567.774.869;Las Mercedes;Buena;Mala;;;Todo 
275;2026-04-16T12:44:21.460Z;Miguel;Varón,Joven;Partido Colorado;-273.552.714;-567.773.288;Las Mercedes;Buena;Mala;Jose Mutti;;
276;2026-04-16T12:49:17.625Z;Mabel;Mujer,Joven;Partido Colorado;-273.575.158;-567.785.708;Las Mercedes;Buena;Buena;Christian Rolon;William Aquino ;Atención a la gente  agua
277;2026-04-16T12:49:46.290Z;Mabel;Varón,Joven;Partido Colorado;-273.570.544;-567.780.402;Las Mercedes;Buena;Muy Mala;Jose Mutti;William Aquino ;Limpieza camino
278;2026-04-16T12:59:29.098Z;Miguel;Varón,Mayor;Partido Colorado;-273.722.545;-568.004.876;Las Mercedes;Buena;Buena;Christian Rolon;;Recolección de basura 
279;2026-04-16T13:05:04.564Z;Mabel;Mujer,Joven;Partido Colorado;-273.717.842;-567.989.477;Maria Graciela;Buena;Buena;Christian Rolon;Dani Maciel;Trabajo
280;2026-04-16T13:05:04.678Z;Mabel;Varón,Joven;Partido Colorado;-273.721.266;-567.996.422;Maria Graciela;Mala;Buena;Jose Mutti;Ninguno;Agua recolección de basura 
281;2026-04-16T13:12:07.728Z;Miguel;Varón,Joven;Partido Colorado;-2.737.239;-568.008.394;María Graciela;Buena;Mala;Jose Mutti;Carlos ;
282;2026-04-16T13:15:34.318Z;Miguel;Mujer,Joven;Partido Colorado;-273.721.298;-568.013.671;María Graciela;Muy Mala;Mala;Jose Mutti;Fatima ;Recolección
283;2026-04-16T13:20:44.905Z;Miguel;Mujer,Joven;Partido Colorado;-273.729.711;-568.012.633;María Graciela;Muy Mala;Buena;Jose Mutti;;Todo
284;2026-04-16T13:23:05.281Z;Mabel;Joven;Partido Colorado;-27.371.777;-568.004.992;Maria Graciela;Buena;Buena;Christian Rolon;Rodrigo Benitez;Empedrado 
285;2026-04-16T13:23:05.366Z;Mabel;Varón,Joven;Partido Colorado;-273.718.703;-568.003.019;;Mala;Buena;Jose Mutti;Rodrigo Benitez;Limpieza iluminación 
286;2026-04-16T13:24:26.209Z;Miguel;Mujer,Joven;Partido Colorado;-273.728.172;-568.020.769;María Graciela;Buena;Buena;Christian Rolon;;Todo 
287;2026-04-16T13:34:06.198Z;Miguel;Varón,Joven;Partido Colorado;-273.739.931;-568.027.678;María Graciela;Mala;Mala;Jose Mutti;;Agua potable 
288;2026-04-16T13:37:20.423Z;Miguel;Mujer,Joven;Partido Colorado;-273.739.944;-568.029.038;María Graciela;Buena;Mala;Christian Rolon;;Agua potable 
289;2026-04-16T13:39:55.405Z;Miguel;Mujer,Joven;Partido Colorado;-273.739.985;-568.029.368;María Graciela;Buena;Buena;Christian Rolon;Sofia troche ;Cloacas
290;2026-04-16T13:50:49.882Z;Miguel;Varón,Mayor;Partido Colorado;-273.738.614;-568.002.906;María Graciela;Muy Mala;Muy Mala;Jose Mutti;Mario cańete ;Todo 
291;2026-04-16T13:53:32.183Z;Mabel;Mujer,Mayor;Partido Colorado;-273.724.342;-568.004.371;Maria Graciela;;Buena;Jose Mutti;Ningúno;Agua
292;2026-04-16T13:53:32.284Z;Mabel;Mujer,Mayor;Partido Colorado;-273.728.605;-568.000.844;Maria Graciela;Mala;Buena;Christian Rolon;Ninguna ;Todas
293;2026-04-16T13:53:32.418Z;Mabel;Mujer,Joven;Partido Colorado;-27.373.111;-567.997.014;Maria Graciela;Mala;Mala;Jose Mutti;RAMON PALACIOS ;Escuelas
294;2026-04-16T13:53:32.516Z;Mabel;Mujer,Joven;Partido Colorado;-273.738.238;-567.997.365;Maria Graciela;Mala;Mala;Jose Mutti;Ninguno;Agua
295;2026-04-16T13:53:32.826Z;Mabel;;;0;0;;Mala;Buena;Gabriel Alfonso;Dr Caballero;Todo 
296;2026-04-16T13:53:32.915Z;Mabel;Mujer,Mayor;Partido Colorado;-273.745.211;-567.996.587;Maria Graciela;Buena;Mala;Jose Mutti;Hna de Diop;Limpieza y pago al personal 
297;2026-04-16T13:53:33.072Z;Mabel;Mujer,Joven;Partido Colorado;-273.743.471;-567.997.909;Maria Graciela;Buena;Buena;;William Aquíno;Todos
298;2026-04-16T14:09:48.825Z;Miguel;Varón,Joven;Partido Colorado;-273.825.062;-568.075.749;San José Obrero;Mala;Muy Mala;Jose Mutti;Rodrigo ;Agua potable 
299;2026-04-16T14:11:34.901Z;Miguel;Varón,Adulto Mayor;Partido Colorado;-273.824.767;-568.076.597;San José Obrero;Buena;Mala;Jose Mutti;;Todo
300;2026-04-16T14:14:08.938Z;Miguel;Mujer,Joven;Partido Colorado;-273.830.161;-568.081.438;San José Obrero;Buena;Buena;Christian Rolon;Rodrigo benitez ;
303;2026-04-16T14:14:55.800Z;Mabel;Mujer,Mayor;Partido Colorado;-273.821.319;-568.061.193;San José Obrero;Buena;Buena;Jose Mutti;Ninguno;Todo
304;2026-04-16T14:15:19.629Z;Mabel;Mujer,Joven;;-273.822.145;-568.059.669;San José Obrero;Buena;Buena;Christian Rolon;Ingrid  ostachup;Limpieza espacio público playa parque
305;2026-04-16T14:17:27.420Z;Miguel;Varón,Mayor;Partido Colorado;-273.825.284;-56.808.322;San José Obrero;Buena;Mala;Christian Rolon;Lilio alvarenga ;Asfalto 
306;2026-04-16T14:19:32.296Z;Miguel;Varón,Adulto Mayor;Partido Colorado;-27.382.507;-568.083.243;San José Obrero;Buena;Buena;Jose Mutti;;Limpieza 
307;2026-04-16T14:21:22.926Z;Miguel;Varón,Mayor;Partido Colorado;-273.826.689;-568.090.133;San José Obrero;Buena;Mala;Jose Mutti;Marciano;Agua potable 
308;2026-04-16T14:23:04.683Z;Miguel;Mujer,Joven;Partido Colorado;-273.827.034;-568.093.395;San José Obrero;Buena;Buena;Christian Rolon;;Todo
309;2026-04-16T14:26:41.525Z;Miguel;Mujer,Joven;Partido Colorado;-273.824.255;-568.098.979;San José Obrero;Buena;Buena;Jose Mutti;Diego barreto;Basurero
310;2026-04-16T14:31:23.730Z;Miguel;Mujer,Adulto Mayor;Partido Colorado;-273.825.013;-568.101.593;San José Obrero;Excelente;Buena;Christian Rolon;Wil ;
311;2026-04-16T14:38:10.260Z;Miguel;Mujer,Mayor;Partido Colorado;-273.829.805;-568.118.303;San José Obrero;Mala;Mala;;;Recolección de basura 
