ID_Original;Fecha_Hora;Encuestador;Latitud;Longitud;q1;q3;q4;q5;q6;q7;q8;q_demo
661;2026-04-13T11:26:54.786Z;Mabel;-27.3820328;-56.8450381;Partido Colorado;Núcleo 1;Buena;Mala;Jose Mutti;Carlos Hijo de la profe Celeste ;Recolección de basura ;Mujer, Mayor
662;2026-04-13T11:27:48.584Z;Miguel;-27.3825148;-56.846116;Partido Colorado;Núcleo 1;Buena;Buena;;;Todo;Mayor
663;2026-04-13T11:35:15.366Z;Santiago;-27.3821407;-56.8445543;Partido Colorado;;Buena;Mala;;Hugiyo ramirez ;Agua y luz ;Mujer, Mayor
664;2026-04-13T11:39:56.294Z;Mabel;-27.3821171;-56.8462229;Partido Colorado;Núcleo 1;Buena;Mala;Jose Mutti;Sofia Troche;Agua, recolección de basura a tiempo;Mujer, Mayor
665;2026-04-13T11:48:18.590Z;Santiago;-27.383328;-56.8457922;Partido Colorado;Lote 4 ;Muy Mala;Muy Mala;;;Todo ;Mujer, Joven
666;2026-04-13T11:51:41.130Z;Miguel;-27.3841042;-56.846003;Partido Colorado;Núcleo 1;Buena;Muy Mala;Christian Rolon;;Recolección de basura ;Mayor
667;2026-04-13T11:53:23.659Z;Santiago;;;;;Muy Mala;Buena;;;Salud;
668;2026-04-13T11:56:06.274Z;Miguel;-27.3842241;-56.846738;Partido Colorado;Núcleo 1;;Muy Mala;;Arnildo ;Todo;
669;2026-04-13T11:57:07.924Z;Santiago;;;;;Buena;Mala;;;Trabajos, limpieza ;
670;2026-04-13T11:58:20.577Z;Miguel;-27.3845305;-56.8467018;Partido Colorado;Núcleo 1;NS/NR;NS/NR;;;Rutas ;Mujer
671;2026-04-13T12:01:59.560Z;Miguel;-27.3846501;-56.8458061;Partido Colorado;Núcleo 1;Mala;Muy Mala;Jose Mutti;Wilian;Las rutas ;Joven, Mujer
672;2026-04-13T12:02:52.060Z;Santiago;-27.3835497;-56.8443725;Partido Colorado;Núcleo 1;Buena;Buena;Jose Mutti;William Aquino;Todo ;Mujer, Mayor
673;2026-04-13T12:03:05.133Z;Mabel;;;Partido Colorado;Núcleo 1;Buena;Buena;Jose Mutti;Edgardo villalba;Pague a tiempo;Varón, Mayor
674;2026-04-13T12:03:46.950Z;Miguel;-27.384654;-56.8457356;Partido Colorado;Núcleo 1;Mala;Mala;Jose Mutti;Wilian ;Todo;
719;2026-04-13T11:35:15.366Z;Santiago;-27.3821407;-56.8445543;Partido Colorado;Núcleo 1;Buena;Mala;;Hugiyo ramirez ;Agua y luz ;Mujer,Mayor
720;2026-04-13T11:48:18.590Z;Santiago;-27.383328;-56.8457922;Partido Colorado;Núcleo 1;Muy Mala;Muy Mala;;;Todo ;Mujer,Joven
721;2026-04-13T11:53:23.659Z;Santiago;;;Partido Colorado;Núcleo 1;Muy Mala;Buena;;;Salud;
722;2026-04-13T11:57:07.924Z;Santiago;;;Partido Colorado;Núcleo 1;Buena;Mala;;;Trabajos, limpieza ;
723;2026-04-13T12:02:52.060Z;Santiago;-27.3835497;-56.8443725;Partido Colorado;Núcleo 1;Buena;Buena;Jose Mutti;William Aquino;Todo ;Mujer, Mayor
724;2026-04-13T12:13:53.574Z;Santiago;-27.3843334;-56.8446374;Partido Colorado;Núcleo 1;Buena;Buena;Jose Mutti;;Recolección de basura ;Mujer, Mayor
725;2026-04-13T12:23:31.396Z;Mabel;-27.3825382;-56.8451715;Partido Colorado;;Mala;Buena;Jose Mutti;Diego Barreto;Todos;Varón, Joven
726;2026-04-13T12:32:04.867Z;Mabel;-27.3840308;-56.8486772;Partido Colorado;Núcleo 2;;;;;;Mujer, Joven
727;2026-04-13T12:32:25.831Z;Miguel;-27.3865164;-56.8471583;Partido Colorado;Núcleo 2;Mala;Mala;Jose Mutti;Amarilla;Todo;Mayor
728;2026-04-13T12:32:31.134Z;Santiago;-27.3851235;-56.8477513;Partido Colorado;Núcleo 2;Mala;Mala;Jose Mutti;Miguel savala ;Trabajos ;Adulto Mayor, Varón
729;2026-04-13T12:34:25.633Z;Mabel;-27.3842331;-56.8486884;Partido Colorado;Núcleo 2;Buena;;Christian Rolon;Ning;Aseo urbano educación vial;Mujer, Mayor
730;2026-04-13T12:35:44.527Z;Santiago;-27.3844965;-56.8472121;Partido Colorado;;Buena;Mala;Christian Rolon;;Todo ;Mujer, Adulto Mayor
731;2026-04-13T12:40:12.149Z;Santiago;-27.3841679;-56.8469644;;Núcleo 2;Muy Mala;Muy Mala;;;Todo ;Mujer, Mayor
732;2026-04-13T12:40:20.752Z;Mabel;-27.3844099;-56.8490733;Partido Colorado;Núcleo 2;Buena;Muy Mala;Jose Mutti;Sra de Caballero ;Pago de personal;Varón, Mayor
733;2026-04-13T12:42:04.446Z;Miguel;-27.3861189;-56.8478251;Partido Colorado;Núcleo 2;Excelente;Buena;Jose Mutti;;Recolección de basura ;Mujer
734;2026-04-13T12:43:20.114Z;Miguel;-27.3860857;-56.8478616;Partido Colorado;Núcleo 2;Excelente;Buena;Jose Mutti;;Recolección de basura ;Mujer
735;2026-04-13T12:43:20.130Z;Mabel;-27.3845707;-56.8494675;Partido Colorado;Núcleo 2;;Buena;Christian Rolon;Beby cardoso;;Varón, Joven
737;2026-04-13T12:46:44.644Z;Santiago;;;;;Muy Mala;Mala;Jose Mutti;;Todo;
738;2026-04-13T12:49:40.605Z;Mabel;-27.384351;-56.8495671;Partido Colorado;Núcleo 3;Mala;Mala;;N;Todo;
739;2026-04-13T12:51:43.340Z;Miguel;-27.3858146;-56.8471565;Partido Colorado;Núcleo 2;Buena;Muy Mala;Jose Mutti;Diosnel;Recolección de basura ;Mayor
740;2026-04-13T12:54:10.454Z;Santiago;-27.3848741;-56.8483451;Partido Colorado;Núcleo 2;Mala;Buena;Jose Mutti;;Agua;Mujer, Joven
741;2026-04-13T12:57:21.764Z;Miguel;-27.385223;-56.8486539;Partido Colorado;Núcleo 2;Muy Mala;Muy Mala;Jose Mutti;Barrero;Todo;Mujer
742;2026-04-13T12:57:49.847Z;Mabel;-27.3838275;-56.849283;Partido Colorado;Núcleo 2;Excelente;Excelente;Jose Mutti;Ninguno;Pago de personales;Mujer, Mayor
743;2026-04-13T13:01:03.409Z;Santiago;-27.3841358;-56.8484997;;Núcleo 2;Mala;Mala;Jose Mutti;Ramirez ;Salud, hambre ;
744;2026-04-13T13:01:27.430Z;Mabel;-27.3836032;-56.8492647;Partido Colorado;Núcleo 2;Buena;Buena;Christian Rolon;Ningún ;Recolección de basura ;Mujer, Mayor
745;2026-04-13T13:03:04.893Z;Miguel;-27.3843698;-56.8489832;Partido Colorado;Núcleo 2;Buena;Muy Mala;Christian Rolon;;Recolección de basura ;Joven, Varón
746;2026-04-13T13:05:51.526Z;Santiago;-27.3838107;-56.8479798;Partido Colorado;Núcleo 2;Mala;Buena;;;Recolección de basura, cuidado a las infraestructuras;Mujer, Joven
747;2026-04-13T13:09:43.712Z;Mabel;-27.3835573;-56.8487585;Partido Colorado;Núcleo 2;Mala;Mala;;Ning;Todos;Mujer, Mayor
748;2026-04-13T13:10:00.135Z;Santiago;;;Partido Colorado;Núcleo 2;Mala;Mala;Christian Rolon;Hugito ramirez;;Mujer, Adulto Mayor
832;2026-04-13T11:35:15.366Z;Santiago;-27.3821407;-56.8445543;Partido Colorado;;Buena;Mala;;Hugiyo ramirez ;Agua y luz ;Mujer, Mayor
833;2026-04-13T11:48:18.590Z;Santiago;-27.383328;-56.8457922;Partido Colorado;Lote 4 ;Muy Mala;Muy Mala;;;Todo ;Mujer, Joven
834;2026-04-13T11:53:23.659Z;Santiago;;;;;Muy Mala;Buena;;;Salud;
835;2026-04-13T11:57:07.924Z;Santiago;;;;;Buena;Mala;;;Trabajos, limpieza ;
856;2026-04-13T13:18:53.369Z;Miguel;-27.3868303;-56.8499807;Partido Colorado;Núcleo 3;Mala;Mala;;Carlos ramirez ;Señalizacion ;Joven
887;2026-04-13T12:13:53.574Z;Santiago;-27.3843334;-56.8446374;Partido Colorado;Núcleo 1;Buena;Buena;Jose Mutti;;Recolección de basura ;Mujer, Mayor
888;2026-04-13T12:32:31.134Z;Santiago;-27.3851235;-56.8477513;Partido Colorado;Núcleo 2;Mala;Mala;Jose Mutti;Miguel savala ;Trabajos ;Adulto Mayor, Varón
889;2026-04-13T12:35:44.527Z;Santiago;-27.3844965;-56.8472121;Partido Colorado;Núcleo 2;Buena;Mala;Christian Rolon;;Todo ;Mujer,Adulto Mayor
890;2026-04-13T12:40:12.149Z;Santiago;-27.3841679;-56.8469644;;Núcleo 2;Muy Mala;Muy Mala;;;Todo ;Mujer, Mayor
891;2026-04-13T12:46:44.644Z;Santiago;;;Partido Colorado;Núcleo 2;Muy Mala;Mala;Jose Mutti;;Todo;
892;2026-04-13T12:54:10.454Z;Santiago;-27.3848741;-56.8483451;Partido Colorado;Núcleo 2;Mala;Buena;Jose Mutti;;Agua;Mujer, Joven
893;2026-04-13T13:01:03.409Z;Santiago;-27.3841358;-56.8484997;;Núcleo 2;Mala;Mala;Jose Mutti;Ramirez ;Salud, hambre ;
894;2026-04-13T13:05:51.526Z;Santiago;-27.3838107;-56.8479798;Partido Colorado;Núcleo 2;Mala;Buena;;;Recolección de basura, cuidado a las infraestructuras;Mujer, Joven
895;2026-04-13T13:10:00.135Z;Santiago;;;Partido Colorado;Núcleo 2;Mala;Mala;Christian Rolon;Hugito ramirez;;Mujer, Adulto Mayor
924;2026-04-13T11:26:54.786Z;Mabel;-27.3820328;-56.8450381;Partido Colorado;Núcleo 1;Buena;Mala;Jose Mutti;Carlos Hijo de la profe Celeste ;Recolección de basura ;Mujer, Mayor
925;2026-04-13T11:39:56.294Z;Mabel;-27.3821171;-56.8462229;Partido Colorado;Núcleo 1;Buena;Mala;Jose Mutti;Sofia Troche;Agua, recolección de basura a tiempo;Mujer, Mayor
926;2026-04-13T12:03:05.133Z;Mabel;;;Partido Colorado;Núcleo 1;Buena;Buena;Jose Mutti;Edgardo villalba;Pague a tiempo;Varón, Mayor
927;2026-04-13T12:23:31.396Z;Mabel;-27.3825382;-56.8451715;Partido Colorado;;Mala;Buena;Jose Mutti;Diego Barreto;Todos;Varón, Joven
928;2026-04-13T12:32:04.867Z;Mabel;-27.3840308;-56.8486772;Partido Colorado;Núcleo 2;;;;;;Mujer, Joven
929;2026-04-13T12:34:25.633Z;Mabel;-27.3842331;-56.8486884;Partido Colorado;Núcleo 2;Buena;;Christian Rolon;Ning;Aseo urbano educación vial;Mujer, Mayor
930;2026-04-13T12:40:20.752Z;Mabel;-27.3844099;-56.8490733;Partido Colorado;Núcleo 2;Buena;Muy Mala;Jose Mutti;Sra de Caballero ;Pago de personal;Varón, Mayor
931;2026-04-13T12:43:20.130Z;Mabel;-27.3845707;-56.8494675;Partido Colorado;Núcleo 2;;Buena;Christian Rolon;Beby cardoso;;Varón, Joven
932;2026-04-13T12:49:40.605Z;Mabel;-27.384351;-56.8495671;Partido Colorado;Núcleo 2;Mala;Mala;;N;Todo;
933;2026-04-13T12:57:49.847Z;Mabel;-27.3838275;-56.849283;Partido Colorado;Núcleo 2;Excelente;Excelente;Jose Mutti;Ninguno;Pago de personales;Mujer, Mayor
934;2026-04-13T13:01:27.430Z;Mabel;-27.3836032;-56.8492647;Partido Colorado;Núcleo 2;Buena;Buena;Christian Rolon;Ningún ;Recolección de basura ;Mujer, Mayor
935;2026-04-13T13:09:43.712Z;Mabel;-27.3835573;-56.8487585;Partido Colorado;Núcleo 2;Mala;Mala;;Ning;Todos;Mujer, Mayor
936;2026-04-13T13:20:00.226Z;Santiago;-27.3862694;-56.8506917;Partido Colorado;Núcleo 3;Buena;Mala;Christian Rolon;;Todo;Mujer, Joven
937;2026-04-13T13:20:50.873Z;Santiago;-27.3862357;-56.8507611;Partido Colorado;Núcleo 3;Mala;Buena;;Doctora talavera;Todo;Mujer, Adulto Mayor
938;2026-04-13T13:22:52.845Z;Miguel;-27.3869535;-56.850053;Partido Colorado;Núcleo 3;Excelente;Excelente;Christian Rolon;2A opinión 6;Recolección de basura ;Varón
939;2026-04-13T13:26:40.159Z;Miguel;-27.3870023;-56.8497868;Partido Colorado;Núcleo 3;Muy Mala;Muy Mala;Jose Mutti;Gricelda talavera;Todo ;Varón, Mayor
940;2026-04-13T13:29:29.433Z;Santiago;-27.3857749;-56.850393;Partido Colorado;Núcleo 4;Buena;Buena;;Ingrid ;Recolección ;Mujer, Mayor
941;2026-04-13T13:32:28.428Z;Santiago;-27.3855706;-56.8501524;Partido Colorado;Núcleo 4;Muy Mala;Mala;Jose Mutti;Hugo ramirez;Recolección ;Mujer, Mayor
942;2026-04-13T13:32:47.367Z;Mabel;-27.3855597;-56.8515962;;Núcleo 4;Buena;Muy Mala;Jose Mutti;Ninguna;Todo ;Mujer, Mayor
943;2026-04-13T13:34:00.167Z;Miguel;-27.3879351;-56.8487128;Partido Colorado;Núcleo 3;Buena;Mala;Jose Mutti;Arnildo;Todo ;Mujer, Joven
944;2026-04-13T13:35:39.257Z;Mabel;-27.3856352;-56.8516148;Partido Colorado;Núcleo 4;Muy Mala;Muy Mala;Christian Rolon;Ninguno;Pago de personal;Mujer, Joven
945;2026-04-13T13:36:00.730Z;Miguel;-27.3877781;-56.8482951;Partido Colorado;Núcleo 3;Buena;Buena;Christian Rolon;Wlirfrido;Agua potable ;Varón, Joven
946;2026-04-13T13:37:41.872Z;Miguel;-27.3877812;-56.8483164;Partido Colorado;Núcleo 3;NS/NR;NS/NR;;;Todo;Varón, Mayor
947;2026-04-13T13:38:46.185Z;Mabel;-27.385293;-56.8511147;;Núcleo 4;Muy Mala;Mala;;Ninguna ;Camino trabajo ;Mujer, Joven
948;2026-04-13T13:42:39.971Z;Mabel;-27.3853307;-56.8510437;;;;;Christian Rolon;W Aquino ;N;
949;2026-04-13T13:42:46.924Z;Miguel;-27.3869518;-56.8487337;Partido Colorado;Núcleo 4;Muy Mala;Muy Mala;Christian Rolon;Ellas legizamon;Las rutas ;Mujer, Joven
1004;2026-04-13T11:27:48.584Z;Miguel;-27.3825148;-56.846116;Partido Colorado;Núcleo 1;Buena;Buena;;;Todo;Mayor
1005;2026-04-13T11:51:41.130Z;Miguel;-27.3841042;-56.846003;Partido Colorado;Núcleo 1;Buena;Muy Mala;Christian Rolon;;Recolección de basura ;Mayor
1006;2026-04-13T11:56:06.274Z;Miguel;-27.3842241;-56.846738;Partido Colorado;Núcleo 1;;Muy Mala;;Arnildo ;Todo;
1007;2026-04-13T11:58:20.577Z;Miguel;-27.3845305;-56.8467018;Partido Colorado;Núcleo 1;NS/NR;NS/NR;;;Rutas ;Mujer
1008;2026-04-13T12:01:59.560Z;Miguel;-27.3846501;-56.8458061;Partido Colorado;Núcleo 1;Mala;Muy Mala;Jose Mutti;Wilian;Las rutas ;Joven, Mujer
1009;2026-04-13T12:03:46.950Z;Miguel;-27.384654;-56.8457356;Partido Colorado;Núcleo 1;Mala;Mala;Jose Mutti;Wilian ;Todo;
1010;2026-04-13T12:32:25.831Z;Miguel;-27.3865164;-56.8471583;Partido Colorado;Núcleo 2;Mala;Mala;Jose Mutti;Amarilla;Todo;Mayor
1011;2026-04-13T12:42:04.446Z;Miguel;-27.3861189;-56.8478251;Partido Colorado;Núcleo 2;Excelente;Buena;Jose Mutti;;Recolección de basura ;Mujer
1012;2026-04-13T12:43:20.114Z;Miguel;-27.3860857;-56.8478616;Partido Colorado;Núcleo 2;Excelente;Buena;Jose Mutti;;Recolección de basura ;Mujer
1014;2026-04-13T12:51:43.340Z;Miguel;-27.3858146;-56.8471565;Partido Colorado;Núcleo 2;Buena;Muy Mala;Jose Mutti;Diosnel;Recolección de basura ;Mayor
1015;2026-04-13T12:57:21.764Z;Miguel;-27.385223;-56.8486539;Partido Colorado;Núcleo 2;Muy Mala;Muy Mala;Jose Mutti;Barrero;Todo;Mujer
1016;2026-04-13T13:03:04.893Z;Miguel;-27.3843698;-56.8489832;Partido Colorado;Núcleo 2;Buena;Muy Mala;Christian Rolon;;Recolección de basura ;Joven, Varón
1017;2026-04-13T13:18:53.369Z;Miguel;-27.3868303;-56.8499807;Partido Colorado;Núcleo 4;Mala;Mala;;Carlos ramirez ;Señalizacion ;Joven
1018;2026-04-13T13:22:52.845Z;Miguel;-27.3869535;-56.850053;Partido Colorado;Núcleo 4;Excelente;Excelente;Christian Rolon;2A opinión 6;Recolección de basura ;Varón
1019;2026-04-13T13:26:40.159Z;Miguel;-27.3870023;-56.8497868;Partido Colorado;Núcleo 4;Muy Mala;Muy Mala;Jose Mutti;Gricelda talavera;Todo ;Varón,Mayor
1020;2026-04-13T13:34:00.167Z;Miguel;-27.3879351;-56.8487128;Partido Colorado;Núcleo 4;Buena;Mala;Jose Mutti;Arnildo;Todo ;Mujer,Joven
1021;2026-04-13T13:36:00.730Z;Miguel;-27.3877781;-56.8482951;Partido Colorado;Núcleo 4;Buena;Buena;Christian Rolon;Wlirfrido;Agua potable ;Varón,Joven
1022;2026-04-13T13:37:41.872Z;Miguel;-27.3877812;-56.8483164;Partido Colorado;Núcleo 4;NS/NR;NS/NR;;;Todo;Varón,Mayor
1023;2026-04-13T13:42:46.924Z;Miguel;-27.3869518;-56.8487337;Partido Colorado;Núcleo 4;Muy Mala;Muy Mala;Christian Rolon;Ellas legizamon;Las rutas ;Mujer, Joven
1024;2026-04-13T13:46:51.148Z;Mabel;-27.3849286;-56.8508792;Partido Colorado;Núcleo 4;Buena;Buena;Jose Mutti;Ninguna ;;Varón, Mayor
1025;2026-04-13T13:47:16.984Z;Santiago;;;;Núcleo 4;Mala;Muy Mala;Jose Mutti;Ns nr;Recolección ;
1026;2026-04-13T13:48:54.760Z;Mabel;;;;;Buena;Buena;Christian Rolon;Sofia Troche;Recolección de basura ;
1027;2026-04-13T13:49:41.122Z;Santiago;-27.3863591;-56.8477741;Partido Colorado;Núcleo 4;Buena;Buena;;;Recolección ;Mujer
1028;2026-04-13T13:54:21.664Z;Santiago;-27.3872379;-56.8463134;Partido Colorado;Núcleo 3;Excelente;Buena;;;Salud ;
1029;2026-04-13T13:54:51.467Z;Mabel;;;;;Buena;Buena;Christian Rolon;Ningúno;Limpieza recolección de basura ;
1030;2026-04-13T13:56:12.264Z;Santiago;-27.3874514;-56.8463448;Partido Colorado;Núcleo 3;Buena;Mala;Christian Rolon;Diosnel bogado ;Agua ;Varón, Joven
1031;2026-04-13T14:02:41.299Z;Miguel;-27.3868422;-56.8473617;Partido Colorado;Núcleo 3;Mala;Muy Mala;;Sofia troche;Todo;Mujer, Mayor
1032;2026-04-13T14:04:18.037Z;Santiago;-27.3862866;-56.8447454;Partido Colorado;Núcleo 3;Excelente;Excelente;;Ns nr ;Recolección y eliminación de basura ;Varón, Mayor
1089;2026-04-13T14:07:12.761Z;Mabel;-27.3852793;-56.8454313;;Núcleo 3;Mala;Buena;;Ninguna ;Limpieza ;Mujer, Mayor
1090;2026-04-13T14:08:10.641Z;Miguel;-27.3873044;-56.8466588;Partido Colorado;Núcleo 3;Mala;Mala;;;Recolección de basura ;Mujer, Adulto Mayor
1091;2026-04-13T14:11:05.635Z;Miguel;-27.387583;-56.8464275;Partido Colorado;Núcleo 3;Muy Mala;Muy Mala;Jose Mutti;Diego barreto;Recolección de basura ;Mujer, Joven
1092;2026-04-13T14:11:10.597Z;Santiago;-27.3858806;-56.8447424;Partido Colorado;Núcleo 3;Mala;Mala;;;Todo ;Mujer, Adulto Mayor
1093;2026-04-13T14:13:38.103Z;Miguel;-27.3876187;-56.8464211;Partido Colorado;Núcleo 3;Buena;Mala;Christian Rolon;Miguel cuella;Todo;Varón, Mayor
1094;2026-04-13T14:15:34.778Z;Mabel;-27.384894;-56.8446471;Partido Colorado;Núcleo 3;;Muy Mala;Jose Mutti;Roberto Ranoni;Todas;Varón, Joven
1095;2026-04-13T14:17:51.687Z;Santiago;-27.3859018;-56.8455906;Partido Colorado;Núcleo 3;Excelente;Buena;Christian Rolon;;Agua caminos ;Mujer, Mayor
1096;2026-04-13T14:19:09.889Z;Mabel;-27.3848993;-56.8451025;Partido Colorado;Núcleo 3;Mala;Muy Mala;Jose Mutti;Rosana villalba;Limpieza recolección de basura, agua desagues ;Mujer, Mayor
1097;2026-04-13T14:21:38.987Z;Miguel;-27.3877802;-56.8481418;Partido Colorado;Núcleo 3;Buena;Buena;Christian Rolon;;Falta de trabajo ;Mujer, Mayor
1098;2026-04-13T14:24:45.448Z;Miguel;-27.3877983;-56.8479998;Partido Colorado;Núcleo 3;Mala;Mala;;;Todo;Mujer, Joven
1099;2026-04-13T14:24:52.856Z;Mabel;;;;;Mala;;Gabriel Alfonso;Ninguna ;Pagos de salarios ;Mujer, Mayor, Joven
1100;2026-04-13T14:25:48.881Z;Santiago;-27.3862757;-56.8455747;Partido Colorado;Núcleo 3;Buena;Buena;Jose Mutti;Hugito ramirez ;Cuidado de áreas verdes ;Mujer, Joven
1101;2026-04-13T14:29:20.274Z;Miguel;-27.3878159;-56.8475938;Partido Colorado;Núcleo 3;Muy Mala;Buena;;;Recolección de basura ;Mujer, Joven
1102;2026-04-13T14:29:21.970Z;Mabel;-27.3852823;-56.8459089;Partido Colorado;Núcleo 3;Excelente;;Jose Mutti;Ninguna;Apoyo a emprendedores ;Mujer, Mayor
1103;2026-04-13T14:32:15.005Z;Santiago;-27.3866716;-56.8463551;Partido Colorado;Núcleo 3;Muy Mala;Mala;Jose Mutti;Ramon palacios ;Recolección, trabajos ;Mujer, Mayor
1180;2026-04-13T12:49:40.605Z;Mabel;-27.384351;-56.8495671;Partido Colorado;Núcleo 3;Mala;Mala;;N;Todo;
1200;2026-04-13T14:42:40.833Z;Miguel;-27.3847787;-56.8430229;Partido Colorado;Núcleo 6;Mala;Mala;Jose Mutti;;Recolección de basura ;Mujer, Mayor
1201;2026-04-13T14:44:31.924Z;Miguel;-27.3844181;-56.8428449;Partido Colorado;Núcleo 6;Mala;Muy Mala;Jose Mutti;;Recolección de basura ;Mujer, Mayor
1202;2026-04-13T14:46:17.547Z;Mabel;-27.3854302;-56.8390205;;;Buena;Buena;Jose Mutti;Sofia Troche;Todas las areas;Varón, Mayor
1203;2026-04-13T14:47:06.068Z;Santiago;-27.3827022;-56.8422322;Partido Colorado;Núcleo 5;Mala;Mala;Jose Mutti;;Trabajos ;Mujer, Mayor
1204;2026-04-13T14:48:49.944Z;Mabel;-27.3855252;-56.8391778;Partido Colorado;;Buena;;Christian Rolon;Ningúno;Las calles;Mujer, Joven
1205;2026-04-13T14:52:11.067Z;Miguel;-27.3840384;-56.8424097;Partido Colorado;Núcleo 6;Mala;Buena;Christian Rolon;Carlos ramirez ;Recolección de basura ;Mujer, Mayor
1206;2026-04-13T14:52:47.343Z;Santiago;-27.3825808;-56.841653;Partido Colorado;Núcleo 5;Mala;Muy Mala;Jose Mutti;Carlos ramirez;Trabajos ;
1207;2026-04-13T14:53:26.201Z;Mabel;-27.3857561;-56.8392875;;;NS/NR;NS/NR;;Rosana Villalba;Agua;
1208;2026-04-13T14:56:18.901Z;Miguel;-27.3841038;-56.8419151;Partido Colorado;Núcleo 6;Buena;Buena;Christian Rolon;Talavera;Todos los servicios ;Varón, Mayor
1209;2026-04-13T15:00:39.645Z;Santiago;-27.3827682;-56.8409035;Partido Colorado;Núcleo 5;Buena;Mala;;;Limpieza y recolección ;Adulto Mayor, Mujer
1210;2026-04-13T15:01:26.033Z;Mabel;-27.3863823;-56.8399997;Partido Colorado;;Buena;Muy Mala;Christian Rolon;Ninguno;Limpieza ;Mujer, Joven
1211;2026-04-13T15:01:41.464Z;Miguel;-27.3843482;-56.8410492;Partido Colorado;Núcleo 6;Buena;Buena;Christian Rolon;;Agua potable ;Varón, Joven
1212;2026-04-13T15:03:31.182Z;Mabel;-27.3863572;-56.8399889;Partido Colorado;;Muy Mala;Muy Mala;Jose Mutti;Sofia Troche;Todos;Mayor, Mujer
1213;2026-04-13T15:06:53.973Z;Mabel;-27.386653;-56.8402483;;;Buena;Buena;Christian Rolon;Carlos Arrua;Limpieza ;Joven
1214;2026-04-13T15:07:34.998Z;Santiago;-27.3827994;-56.8399851;Partido Colorado;Núcleo 5;Muy Mala;Muy Mala;Jose Mutti;Arnaldo cardozo ;Recolección ;Mayor, Mujer
1215;2026-04-13T15:10:20.372Z;Mabel;-27.3867666;-56.8401365;;Núcleo 7;Mala;Mala;Jose Mutti;Edgardo Villalba;Limpieza ;Mujer, Mayor
1216;2026-04-13T15:11:26.901Z;Miguel;-27.3849276;-56.843794;Partido Colorado;Núcleo 6;Buena;Buena;Christian Rolon;Jose vera;Transporte ;Varón, Mayor
1217;2026-04-13T15:15:00.562Z;Mabel;-27.3868881;-56.8396672;Partido Colorado;Núcleo 7;Buena;;Christian Rolon;Luis Vera;Limpieza ;Mujer, Varón, Mayor
1218;2026-04-13T15:15:14.979Z;Santiago;-27.3826815;-56.8391745;Partido Colorado;Núcleo 5;Buena;Buena;Christian Rolon;William aquino;Salud ;Varón, Mayor
1219;2026-04-13T15:17:00.666Z;Miguel;-27.3839836;-56.842393;Partido Colorado;Núcleo 6;Muy Mala;Mala;Christian Rolon;Wilian aquino;Recolección de basura ;Mujer, Joven
1220;2026-04-13T15:17:53.334Z;Santiago;-27.3826179;-56.8386338;Partido Colorado;Núcleo 5;Muy Mala;Muy Mala;;;Todo ;Mujer, Mayor
1221;2026-04-13T15:18:31.841Z;Mabel;-27.386871;-56.8395572;Partido Colorado;Núcleo 7;Buena;Buena;Jose Mutti;William Aquino ;Basura;Mujer, Mayor
1222;2026-04-13T15:19:57.596Z;Santiago;-27.3827637;-56.8384041;Partido Colorado;;Mala;Muy Mala;Jose Mutti;;Todo ;Mujer, Mayor
1223;2026-04-13T15:19:58.392Z;Miguel;-27.3839953;-56.8416033;Partido Colorado;Núcleo 6;Buena;Buena;Jose Mutti;;Rutas ;Mujer, Joven
1224;2026-04-13T15:22:03.906Z;Mabel;-27.3867356;-56.8393294;Partido Colorado;Núcleo 7;Buena;;;Arnildo Bernal;Agua recolección ;Varón, Mayor
1225;2026-04-13T15:24:55.701Z;Miguel;-27.3842045;-56.8407982;Partido Colorado;Núcleo 6;Buena;Buena;Christian Rolon;;Todo;Mujer, Joven
1226;2026-04-13T15:25:04.147Z;Mabel;-27.3865955;-56.8393234;Partido Colorado;Núcleo 7;Buena;Mala;;Diego Barreto ;Recolección de basura vendedor reubicacion;Mujer, Joven
1227;2026-04-13T15:28:41.722Z;Santiago;-27.381852;-56.8389643;Partido Colorado;Núcleo 5;Excelente;Buena;Christian Rolon;Daniel maciel ;Electricidad ;Mujer, Mayor
1228;2026-04-13T15:29:23.294Z;Mabel;-27.3867956;-56.8392534;Partido Colorado;Núcleo 7;Buena;Buena;;Dra Talavera;Desague Cloacal;Mujer, Joven
1229;2026-04-13T15:29:31.756Z;Miguel;-27.3848807;-56.8406685;PLRA;;Buena;Buena;Christian Rolon;Edgardo;Cobro taza de impuestos ;
1230;2026-04-13T15:34:10.614Z;Santiago;-27.3817968;-56.8401427;Partido Colorado;Núcleo 5;Muy Mala;Muy Mala;Jose Mutti;;Todo ;Mujer, Mayor
1231;2026-04-13T15:36:40.469Z;Miguel;-27.3838516;-56.8401403;Partido Colorado;Núcleo 6;Buena;Buena;Christian Rolon;Denis ;Agua potable ;Varón, Mayor
1232;2026-04-13T15:37:26.050Z;Mabel;-27.3864614;-56.8388711;Partido Colorado;Núcleo 7;Mala;Mala;Jose Mutti;Sofia Troche;Desagüe cloacal;Mujer, Joven
1233;2026-04-13T15:39:02.717Z;Santiago;-27.3817207;-56.8406427;Partido Colorado;Núcleo 5;Buena;Buena;Christian Rolon;Miguel marin;Recolección y limpieza ;Mujer, Mayor
1234;2026-04-13T15:39:31.216Z;Miguel;-27.383797;-56.84021;Partido Colorado;Núcleo 6;Mala;Mala;Christian Rolon;Edgardo ;Recolección de basura ;Varón, Joven
1235;2026-04-13T15:40:24.889Z;Mabel;-27.3860413;-56.8389174;Partido Colorado;Núcleo 7;Mala;Mala;Jose Mutti;Dra Talavera;Todos;Mujer, Mayor
1236;2026-04-13T15:40:48.244Z;Santiago;;;Partido Colorado;Núcleo 5;Buena;Buena;Christian Rolon;Luiz vera ;Agua recolección ;Varón, Mayor
1237;2026-04-13T15:43:36.912Z;Mabel;-27.3858068;-56.8385904;Partido Colorado;Núcleo 7;Mala;Mala;Jose Mutti;Hijo de lorenzo oriel;;Varón, Mayor
1238;2026-04-13T15:44:04.357Z;Santiago;-27.3821033;-56.8422124;Partido Colorado;Núcleo 5;Mala;Muy Mala;Christian Rolon;Arnaldo cardozo ;Sueldos agua recolección ;Mujer, Mayor
1239;2026-04-13T15:46:56.742Z;Mabel;-27.3860156;-56.8382838;Partido Colorado;Núcleo 7;Mala;Buena;Jose Mutti;Cardozo;Limpieza ;Mujer, Mayor
1240;2026-04-13T16:29:29.887Z;Miguel;-27.4109378;-56.9634127;Partido Colorado;;Muy Mala;Muy Mala;Jose Mutti;Ingrid ;Agua potable ;Mujer, Joven
1241;2026-04-13T16:31:55.537Z;Santiago;-27.4117991;-56.9635665;Partido Colorado;Compañia Coratei;Muy Mala;Muy Mala;;;Todo ;Mujer, Mayor
1242;2026-04-13T16:34:49.027Z;Mabel;;;;;Buena;Mala;Christian Rolon;Ninguna ;Agua ;
1243;2026-04-13T16:35:38.482Z;Miguel;-27.4113788;-56.9635916;Otros;Compañia Coratei;Buena;Mala;Christian Rolon;Victor ;La ruta ;Varón, Joven
1244;2026-04-13T16:36:12.003Z;Santiago;-27.4133406;-56.9631901;Partido Colorado;Compañia Coratei;Buena;Buena;Christian Rolon;Carlos arrua;Salud ;Mujer, Joven
1245;2026-04-13T16:37:01.298Z;Mabel;-27.4277713;-56.9624859;Partido Colorado;Compañia Coratei;Excelente;Excelente;Christian Rolon;Ninguno;Ninguna ;Mujer
1246;2026-04-13T13:18:53.369Z;Miguel;-27.3868303;-56.8499807;Partido Colorado;Núcleo 3;Mala;Mala;;Carlos ramirez ;Señalizacion ;Joven
1247;2026-04-13T13:22:52.845Z;Miguel;-27.3869535;-56.850053;Partido Colorado;Núcleo 3;Excelente;Excelente;Christian Rolon;2A opinión 6;Recolección de basura ;Varón
1248;2026-04-13T13:26:40.159Z;Miguel;-27.3870023;-56.8497868;Partido Colorado;Núcleo 3;Muy Mala;Muy Mala;Jose Mutti;Gricelda talavera;Todo ;Varón, Mayor
1249;2026-04-13T13:34:00.167Z;Miguel;-27.3879351;-56.8487128;Partido Colorado;Núcleo 3;Buena;Mala;Jose Mutti;Arnildo;Todo ;Mujer, Joven
1250;2026-04-13T13:36:00.730Z;Miguel;-27.3877781;-56.8482951;Partido Colorado;Núcleo 3;Buena;Buena;Christian Rolon;Wlirfrido;Agua potable ;Varón, Joven
1251;2026-04-13T13:37:41.872Z;Miguel;-27.3877812;-56.8483164;Partido Colorado;Núcleo 3;NS/NR;NS/NR;;;Todo;Varón, Mayor
1252;2026-04-13T14:02:41.299Z;Miguel;-27.3868422;-56.8473617;Partido Colorado;Núcleo 3;Mala;Muy Mala;;Sofia troche;Todo;Mujer, Mayor
1253;2026-04-13T16:39:40.834Z;Santiago;-27.4134926;-56.9634229;Partido Colorado;Compañia Coratei;Mala;Mala;;Victor espinola;Gestiones ;Varón, Mayor
1254;2026-04-13T14:08:10.641Z;Miguel;-27.3873044;-56.8466588;Partido Colorado;Núcleo 3;Mala;Mala;;;Recolección de basura ;Mujer, Adulto Mayor
1255;2026-04-13T14:11:05.635Z;Miguel;-27.387583;-56.8464275;Partido Colorado;Núcleo 3;Muy Mala;Muy Mala;Jose Mutti;Diego barreto;Recolección de basura ;Mujer, Joven
1256;2026-04-13T14:13:38.103Z;Miguel;-27.3876187;-56.8464211;Partido Colorado;Núcleo 3;Buena;Mala;Christian Rolon;Miguel cuella;Todo;Varón, Mayor
1257;2026-04-13T14:21:38.987Z;Miguel;-27.3877802;-56.8481418;Partido Colorado;Núcleo 3;Buena;Buena;Christian Rolon;;Falta de trabajo ;Mujer, Mayor
1258;2026-04-13T14:24:45.448Z;Miguel;-27.3877983;-56.8479998;Partido Colorado;Núcleo 3;Mala;Mala;;;Todo;Mujer, Joven
1259;2026-04-13T14:29:20.274Z;Miguel;-27.3878159;-56.8475938;Partido Colorado;Núcleo 3;Muy Mala;Buena;;;Recolección de basura ;Mujer, Joven
1260;2026-04-13T14:42:40.833Z;Miguel;-27.3847787;-56.8430229;Partido Colorado;Núcleo 6;Mala;Mala;Jose Mutti;;Recolección de basura ;Mujer, Mayor
1261;2026-04-13T14:44:31.924Z;Miguel;-27.3844181;-56.8428449;Partido Colorado;Núcleo 6;Mala;Muy Mala;Jose Mutti;;Recolección de basura ;Mujer, Mayor
1262;2026-04-13T14:52:11.067Z;Miguel;-27.3840384;-56.8424097;Partido Colorado;Núcleo 6;Mala;Buena;Christian Rolon;Carlos ramirez ;Recolección de basura ;Mujer, Mayor
1263;2026-04-13T14:56:18.901Z;Miguel;-27.3841038;-56.8419151;Partido Colorado;Núcleo 6;Buena;Buena;Christian Rolon;Talavera;Todos los servicios ;Varón, Mayor
1264;2026-04-13T15:01:41.464Z;Miguel;-27.3843482;-56.8410492;Partido Colorado;Núcleo 6;Buena;Buena;Christian Rolon;;Agua potable ;Varón, Joven
1265;2026-04-13T15:11:26.901Z;Miguel;-27.3849276;-56.843794;Partido Colorado;Núcleo 6;Buena;Buena;Christian Rolon;Jose vera;Transporte ;Varón, Mayor
1266;2026-04-13T15:17:00.666Z;Miguel;-27.3839836;-56.842393;Partido Colorado;Núcleo 6;Muy Mala;Mala;Christian Rolon;Wilian aquino;Recolección de basura ;Mujer, Joven
1267;2026-04-13T15:19:58.392Z;Miguel;-27.3839953;-56.8416033;Partido Colorado;Núcleo 6;Buena;Buena;Jose Mutti;;Rutas ;Mujer, Joven
1268;2026-04-13T15:24:55.701Z;Miguel;-27.3842045;-56.8407982;Partido Colorado;Núcleo 6;Buena;Buena;Christian Rolon;;Todo;Mujer, Joven
1269;2026-04-13T15:29:31.756Z;Miguel;-27.3848807;-56.8406685;PLRA;;Buena;Buena;Christian Rolon;Edgardo;Cobro taza de impuestos ;
1270;2026-04-13T15:36:40.469Z;Miguel;-27.3838516;-56.8401403;Partido Colorado;Núcleo 6;Buena;Buena;Christian Rolon;Denis ;Agua potable ;Varón, Mayor
1271;2026-04-13T15:39:31.216Z;Miguel;-27.383797;-56.84021;Partido Colorado;Núcleo 6;Mala;Mala;Christian Rolon;Edgardo ;Recolección de basura ;Varón, Joven
1272;2026-04-13T16:29:29.887Z;Miguel;-27.4109378;-56.9634127;Partido Colorado;Compañia Coratei;Muy Mala;Muy Mala;Jose Mutti;Ingrid ;Agua potable ;Mujer,Joven
1273;2026-04-13T16:35:38.482Z;Miguel;-27.4113788;-56.9635916;Otros;Compañia Coratei;Buena;Mala;Christian Rolon;Victor ;La ruta ;Varón,Joven
1274;2026-04-13T16:41:29.788Z;Miguel;-27.4138555;-56.9629853;Partido Colorado;Compañia Coratei;Muy Mala;Buena;Christian Rolon;Maximo ;Rutas y loma ;Varón, Joven
1275;2026-04-13T16:43:28.091Z;Mabel;-27.4266464;-56.9627216;Partido Colorado;Compañia Coratei;Buena;Buena;Jose Mutti;Ninguna ;Agua limpieza camino pago de salirio ;Mujer, Joven
1276;2026-04-13T16:44:49.314Z;Santiago;-27.4154525;-56.9633447;Partido Colorado;San José Obrero;Buena;Mala;Jose Mutti;;Agua rutas ;Mujer, Joven
1277;2026-04-13T16:46:21.241Z;Miguel;-27.4154719;-56.9632863;Partido Colorado;Compañia Coratei;Mala;Buena;Jose Mutti;Victor;Agua potable ;Varón, Joven
1278;2026-04-13T16:46:21.930Z;Mabel;-27.4257216;-56.9625108;Partido Colorado;Compañia Coratei;Excelente;Mala;Christian Rolon;Ellas Leguisamon;Apoyo a emprendedores;Joven, Varón
1279;2026-04-13T16:49:16.667Z;Santiago;-27.4163179;-56.9633339;Partido Colorado;Compañia Coratei;Muy Mala;Mala;Jose Mutti;Socrate ifu;Salud ;Mujer, Mayor
1280;2026-04-13T16:49:29.336Z;Mabel;-27.4251531;-56.9626863;Partido Colorado;Compañia Coratei;Buena;Buena;Jose Mutti;Victor Espinola;Agua y recolección de basura ;Mujer, Joven
1281;2026-04-13T16:55:04.214Z;Mabel;-27.4239473;-56.9623671;Partido Colorado;Compañia Coratei;Buena;Buena;Christian Rolon;William Aquino ;Limpieza en gral agua;Mujer, Mayor
1282;2026-04-13T16:55:31.343Z;Santiago;-27.4189016;-56.9631192;Partido Colorado;Compañia Coratei;Buena;Buena;Christian Rolon;;Todo ;Mujer, Mayor
1283;2026-04-13T16:59:26.571Z;Mabel;-27.4206947;-56.9625237;Partido Colorado;Compañia Coratei;Buena;Mala;Christian Rolon;Carlos Ramires;Recolección de basura ;Varón, Mayor
1284;2026-04-13T16:59:46.724Z;Santiago;-27.4203565;-56.9635381;Partido Colorado;Compañia Coratei;Buena;Buena;;;Agua higiene y comodidad ;Varón, Adulto Mayor
