Fecha;Encuestador;Latitud;Longitud;Barrio;Partido;Fuente
2026-04-11T00:16:14.531Z;;-26.887489;-57.022661;San Roque ;Partido Colorado;11 y santiago.csv
2026-04-11T18:25:09.115Z;;-26.889828;-56.851427;;Partido Colorado;11 y santiago.csv
2026-04-11T19:07:50.460Z;;-27.377662;-56.843675;Sirena ;Partido Colorado;11 y santiago.csv
2026-04-11T19:04:35.615Z;;-27.377966;-56.843905;Sirena ;Partido Colorado;11 y santiago.csv
2026-04-11T19:11:08.858Z;;-27.378201;-56.846338;Sirena;Partido Colorado;11 y santiago.csv
2026-04-11T19:06:08.351Z;;-27.378239;-56.844508;Sirena;Partido Colorado;11 y santiago.csv
2026-04-11T19:06:03.058Z;;-27.37828;-56.846311;Sieena;Partido Colorado;11 y santiago.csv
2026-04-11T19:00:26.239Z;;-27.378288;-56.844661;Sirena;Partido Colorado;11 y santiago.csv
2026-04-11T19:08:58.137Z;;-27.378365;-56.846204;Sirena;Partido Colorado;11 y santiago.csv
2026-04-11T19:03:34.132Z;;-27.378429;-56.844669;Sirena;Partido Colorado;11 y santiago.csv
2026-04-11T18:55:51.351Z;;-27.378803;-56.84411;Sirena ;Partido Colorado;11 y santiago.csv
2026-04-11T18:57:47.762Z;;-27.378864;-56.84414;Sirena ;Partido Colorado;11 y santiago.csv
2026-04-11T18:55:36.521Z;;-27.378869;-56.844919;Sirena;Partido Colorado;11 y santiago.csv
2026-04-11T18:56:44.425Z;;-27.378881;-56.846299;Sirena;Partido Colorado;11 y santiago.csv
2026-04-11T18:53:12.377Z;;-27.379032;-56.84419;Sirena ;Partido Colorado;11 y santiago.csv
2026-04-11T18:52:07.454Z;;-27.379203;-56.845109;Sirena ;Partido Colorado;11 y santiago.csv
2026-04-11T19:00:27.312Z;;-27.379249;-56.846837;Sirena;Partido Colorado;11 y santiago.csv
2026-04-11T18:52:27.124Z;;-27.379629;-56.843838;Sirena;Partido Colorado;11 y santiago.csv
2026-04-11T18:55:53.377Z;;-27.379658;-56.843205;Sirena;Partido Colorado;11 y santiago.csv
2026-04-11T18:59:25.876Z;;-27.37975;-56.84205;;Partido Colorado;11 y santiago.csv
2026-04-13T15:39:02.717Z;Santiago;-27.381721;-56.840643;Núcleo 5;Partido Colorado;11 y santiago.csv
2026-04-13T15:34:10.614Z;Santiago;-27.381797;-56.840143;Núcleo 5;Partido Colorado;11 y santiago.csv
2026-04-13T15:28:41.722Z;Santiago;-27.381852;-56.838964;Núcleo 5;Partido Colorado;11 y santiago.csv
2026-04-13T15:44:04.357Z;Santiago;-27.382103;-56.842212;Núcleo 5;Partido Colorado;11 y santiago.csv
2026-04-13T11:35:15.366Z;Santiago;-27.382141;-56.844554;;Partido Colorado;11 y santiago.csv
2026-04-13T14:52:47.343Z;Santiago;-27.382581;-56.841653;Núcleo 5;Partido Colorado;11 y santiago.csv
2026-04-13T15:17:53.334Z;Santiago;-27.382618;-56.838634;Núcleo 5;Partido Colorado;11 y santiago.csv
2026-04-13T15:15:14.979Z;Santiago;-27.382682;-56.839174;Núcleo 5;Partido Colorado;11 y santiago.csv
2026-04-13T14:47:06.068Z;Santiago;-27.382702;-56.842232;Núcleo 5;Partido Colorado;11 y santiago.csv
2026-04-13T15:19:57.596Z;Santiago;-27.382764;-56.838404;;Partido Colorado;11 y santiago.csv
2026-04-13T15:00:39.645Z;Santiago;-27.382768;-56.840904;Núcleo 5;Partido Colorado;11 y santiago.csv
2026-04-13T15:07:34.998Z;Santiago;-27.382799;-56.839985;Núcleo 5;Partido Colorado;11 y santiago.csv
2026-04-13T11:48:18.590Z;Santiago;-27.383328;-56.845792;Lote 4 ;Partido Colorado;11 y santiago.csv
2026-04-13T12:02:52.060Z;Santiago;-27.38355;-56.844372;Núcleo 1;Partido Colorado;11 y santiago.csv
2026-04-13T13:05:51.526Z;Santiago;-27.383811;-56.84798;Núcleo 2;Partido Colorado;11 y santiago.csv
2026-04-13T13:01:03.409Z;Santiago;-27.384136;-56.8485;Núcleo 2;;11 y santiago.csv
2026-04-13T12:40:12.149Z;Santiago;-27.384168;-56.846964;Núcleo 2;;11 y santiago.csv
2026-04-13T12:13:53.574Z;Santiago;-27.384333;-56.844637;Núcleo 1;Partido Colorado;11 y santiago.csv
2026-04-13T12:35:44.527Z;Santiago;-27.384497;-56.847212;;Partido Colorado;11 y santiago.csv
2026-04-13T12:54:10.454Z;Santiago;-27.384874;-56.848345;Núcleo 2;Partido Colorado;11 y santiago.csv
2026-04-13T12:32:31.134Z;Santiago;-27.385123;-56.847751;Núcleo 2;Partido Colorado;11 y santiago.csv
2026-04-13T13:32:28.428Z;Santiago;-27.385571;-56.850152;Núcleo 4;Partido Colorado;11 y santiago.csv
2026-04-13T13:29:29.433Z;Santiago;-27.385775;-56.850393;Núcleo 4;Partido Colorado;11 y santiago.csv
2026-04-13T14:11:10.597Z;Santiago;-27.385881;-56.844742;Núcleo 3;Partido Colorado;11 y santiago.csv
2026-04-13T14:17:51.687Z;Santiago;-27.385902;-56.845591;Núcleo 3;Partido Colorado;11 y santiago.csv
2026-04-13T13:20:50.873Z;Santiago;-27.386236;-56.850761;Núcleo 3;Partido Colorado;11 y santiago.csv
2026-04-13T13:20:00.226Z;Santiago;-27.386269;-56.850692;Núcleo 3;Partido Colorado;11 y santiago.csv
2026-04-13T14:25:48.881Z;Santiago;-27.386276;-56.845575;Núcleo 3;Partido Colorado;11 y santiago.csv
2026-04-13T14:04:18.037Z;Santiago;-27.386287;-56.844745;Núcleo 3;Partido Colorado;11 y santiago.csv
2026-04-13T13:49:41.122Z;Santiago;-27.386359;-56.847774;Núcleo 4;Partido Colorado;11 y santiago.csv
2026-04-13T14:32:15.005Z;Santiago;-27.386672;-56.846355;Núcleo 3;Partido Colorado;11 y santiago.csv
2026-04-11T18:00:43.036Z;;-27.387112;-56.864314;Yataity;Partido Colorado;11 y santiago.csv
2026-04-11T18:08:24.625Z;;-27.387118;-56.863616;Yataity;Partido Colorado;11 y santiago.csv
2026-04-11T18:14:42.287Z;;-27.387207;-56.862586;Yataity;Partido Colorado;11 y santiago.csv
2026-04-11T18:29:54.775Z;;-27.387207;-56.863945;Yat;Partido Colorado;11 y santiago.csv
2026-04-11T18:32:08.950Z;;-27.387231;-56.861208;Yataity;Partido Colorado;11 y santiago.csv
2026-04-13T13:54:21.664Z;Santiago;-27.387238;-56.846313;Núcleo 3;Partido Colorado;11 y santiago.csv
2026-04-11T18:02:14.274Z;;-27.387253;-56.864398;Yataity;Partido Colorado;11 y santiago.csv
2026-04-11T18:05:45.827Z;;-27.387259;-56.864248;Yataity;Partido Colorado;11 y santiago.csv
2026-04-11T18:18:46.748Z;;-27.387342;-56.863154;Yataity;Partido Colorado;11 y santiago.csv
2026-04-11T18:18:55.308Z;;-27.387395;-56.861943;Yataity;Partido Colorado;11 y santiago.csv
2026-04-11T17:51:19.579Z;;-27.387432;-56.865094;Yataity;Partido Colorado;11 y santiago.csv
2026-04-13T13:56:12.264Z;Santiago;-27.387451;-56.846345;Núcleo 3;Partido Colorado;11 y santiago.csv
2026-04-11T18:29:40.058Z;;-27.387608;-56.861438;Yataity;Partido Colorado;11 y santiago.csv
2026-04-11T18:27:03.690Z;;-27.387633;-56.862487;Yataity;Partido Colorado;11 y santiago.csv
2026-04-11T18:31:54.022Z;;-27.387746;-56.864887;Yataity;Partido Colorado;11 y santiago.csv
2026-04-11T17:43:56.205Z;;-27.387793;-56.865006;Virgen del pilar ;Partido Colorado;11 y santiago.csv
2026-04-11T17:47:56.559Z;;-27.387799;-56.864986;Yataity;Partido Colorado;11 y santiago.csv
2026-04-11T17:49:04.745Z;;-27.388116;-56.865159;Yataity;Partido Colorado;11 y santiago.csv
2026-04-11T17:36:06.641Z;Santiago;-27.388738;-56.866;Virgen del pilar ;Partido Colorado;11 y santiago.csv
2026-04-11T17:39:29.558Z;Santiago;-27.388769;-56.866245;;Partido Colorado;11 y santiago.csv
2026-04-11T18:41:23.737Z;Santiago;-27.389758;-56.856182;Santa ana;Partido Colorado;11 y santiago.csv
2026-04-11T18:38:26.812Z;Santiago;-27.389772;-56.855832;Santa ana ;Partido Colorado;11 y santiago.csv
2026-04-11T18:33:11.082Z;;-27.39021;-56.856058;Santa Ana ;Partido Colorado;11 y santiago.csv
2026-04-11T18:29:31.121Z;;-27.390319;-56.856256;Santa Ana ;Partido Colorado;11 y santiago.csv
2026-04-11T18:25:22.261Z;Santiago;-27.390395;-56.856639;Santa ana;Partido Colorado;11 y santiago.csv
2026-04-11T18:29:18.252Z;Santiago;-27.390419;-56.855742;Santa ana ;Partido Colorado;11 y santiago.csv
2026-04-11T18:26:47.407Z;;-27.390432;-56.85657;Santa Ana ;Partido Colorado;11 y santiago.csv
2026-04-11T18:18:03.738Z;Santiago;-27.390497;-56.856982;;Partido Colorado;11 y santiago.csv
2026-04-11T14:19:20.410Z;;-27.390499;-56.842384;San antonio;Partido Colorado;11 y santiago.csv
2026-04-11T18:18:39.622Z;;-27.390573;-56.857167;Santa Ana ;Partido Colorado;11 y santiago.csv
2026-04-11T18:12:36.416Z;;-27.390587;-56.857373;Santa Ana ;Partido Colorado;11 y santiago.csv
2026-04-11T18:15:19.133Z;;-27.390677;-56.857246;Santa Ana ;Partido Colorado;11 y santiago.csv
2026-04-11T14:23:07.323Z;Santiago;-27.390747;-56.843049;San Antonio ;Partido Colorado;11 y santiago.csv
2026-04-11T18:09:33.925Z;Santiago;-27.390789;-56.856974;100;Partido Colorado;11 y santiago.csv
2026-04-11T18:08:13.567Z;;-27.390848;-56.857561;Santa Ana ;Partido Colorado;11 y santiago.csv
2026-04-11T18:03:18.231Z;;-27.391259;-56.858018;Santa Ana;Partido Colorado;11 y santiago.csv
2026-04-11T18:00:37.311Z;;-27.391436;-56.858046;Santa Ana ;Partido Colorado;11 y santiago.csv
2026-04-11T14:36:19.021Z;;-27.391614;-56.844004;San Antonio ;Partido Colorado;11 y santiago.csv
2026-04-11T17:57:47.177Z;;-27.391637;-56.857807;Santa Ana ;Partido Colorado;11 y santiago.csv
2026-04-11T17:06:33.781Z;Santiago;-27.391755;-56.865606;;Partido Colorado;11 y santiago.csv
2026-04-11T17:16:46.112Z;Santiago;-27.391776;-56.862605;Virgen del pilar ;Partido Colorado;11 y santiago.csv
2026-04-11T17:56:28.330Z;Santiago;-27.391862;-56.858012;;Partido Colorado;11 y santiago.csv
2026-04-11T18:02:38.068Z;Santiago;-27.391878;-56.857014;100;Partido Colorado;11 y santiago.csv
2026-04-11T18:06:22.621Z;Santiago;-27.391909;-56.856619;100;Partido Colorado;11 y santiago.csv
2026-04-11T17:14:21.971Z;Santiago;-27.391913;-56.862876;Virgen del pilar ;Partido Colorado;11 y santiago.csv
2026-04-11T17:59:53.224Z;Santiago;-27.391938;-56.857687;Santa ana 100;Partido Colorado;11 y santiago.csv
2026-04-11T18:04:43.859Z;Santiago;-27.391941;-56.85664;100;;11 y santiago.csv
2026-04-11T14:28:14.827Z;Santiago;-27.39195;-56.844605;San Antonio ;Partido Colorado;11 y santiago.csv
2026-04-11T14:44:00.924Z;;-27.391969;-56.844674;San antonio;Partido Colorado;11 y santiago.csv
2026-04-11T14:34:12.116Z;;-27.39267;-56.845875;San Antonio ;Partido Colorado;11 y santiago.csv
2026-04-11T14:39:56.724Z;;-27.3931;-56.846468;San Antonio ;Partido Colorado;11 y santiago.csv
2026-04-11T15:03:03.451Z;;-27.393291;-56.846926;San antonio;Partido Colorado;11 y santiago.csv
2026-04-11T14:48:24.392Z;;-27.393354;-56.867883;Lima;Partido Colorado;11 y santiago.csv
2026-04-11T14:48:57.658Z;Santiago;-27.393428;-56.847008;;;11 y santiago.csv
2026-04-11T14:51:31.216Z;;-27.393442;-56.867547;Lima;Partido Colorado;11 y santiago.csv
2026-04-11T14:43:52.396Z;;-27.393695;-56.867633;Lima;Partido Colorado;11 y santiago.csv
2026-04-11T14:56:35.208Z;;-27.393947;-56.867288;Lima;Partido Colorado;11 y santiago.csv
2026-04-11T14:59:30.375Z;;-27.394264;-56.867367;Lima;Partido Colorado;11 y santiago.csv
2026-04-11T15:08:32.046Z;;-27.394757;-56.849401;San antonio ;Partido Colorado;11 y santiago.csv
2026-04-11T17:34:37.110Z;;-27.394867;-56.865441;Lima;Partido Colorado;11 y santiago.csv
2026-04-11T15:10:33.866Z;;-27.394895;-56.866589;Lima;Partido Colorado;11 y santiago.csv
2026-04-11T15:14:44.430Z;;-27.395114;-56.866476;Lima;Partido Colorado;11 y santiago.csv
2026-04-11T17:30:16.365Z;;-27.395245;-56.865152;Lima;Partido Colorado;11 y santiago.csv
2026-04-11T15:19:08.236Z;;-27.395289;-56.866095;Lima;Partido Colorado;11 y santiago.csv
2026-04-11T17:28:54.615Z;;-27.39529;-56.865085;Lima;Partido Colorado;11 y santiago.csv
2026-04-11T17:35:55.370Z;;-27.395521;-56.864922;Lima ;Partido Colorado;11 y santiago.csv
2026-04-11T17:37:30.594Z;;-27.395663;-56.864838;Lima ;Partido Colorado;11 y santiago.csv
2026-04-11T15:22:48.340Z;;-27.395998;-56.866441;Lima;Partido Colorado;11 y santiago.csv
2026-04-11T17:24:05.911Z;;-27.396023;-56.864466;Lima;Partido Colorado;11 y santiago.csv
2026-04-11T15:25:54.248Z;;-27.396289;-56.866568;Lima;Partido Colorado;11 y santiago.csv
2026-04-11T15:12:12.132Z;;-27.396291;-56.851313;San Antonio ;Partido Colorado;11 y santiago.csv
2026-04-11T17:26:52.571Z;;-27.396504;-56.864202;Lima ;Partido Colorado;11 y santiago.csv
2026-04-11T17:19:16.350Z;;-27.396509;-56.864088;Lima;Partido Colorado;11 y santiago.csv
2026-04-11T15:36:06.702Z;;-27.396535;-56.865311;Lima;Partido Colorado;11 y santiago.csv
2026-04-11T15:16:39.950Z;;-27.396599;-56.851778;San Antonio ;Partido Colorado;11 y santiago.csv
2026-04-11T15:15:03.638Z;;-27.396627;-56.85159;San Antonio ;Partido Colorado;11 y santiago.csv
2026-04-11T17:19:38.407Z;;-27.396817;-56.863589;Lima ;Partido Colorado;11 y santiago.csv
2026-04-11T15:19:50.996Z;;-27.396894;-56.852118;San Antonio ;Partido Colorado;11 y santiago.csv
2026-04-11T17:22:51.458Z;;-27.39698;-56.863685;Lima ;Partido Colorado;11 y santiago.csv
2026-04-11T17:11:34.860Z;;-27.397236;-56.862088;Lima;Partido Colorado;11 y santiago.csv
2026-04-11T17:22:08.477Z;;-27.397347;-56.864286;Lima;Partido Colorado;11 y santiago.csv
2026-04-11T17:08:49.555Z;;-27.397419;-56.861589;Lima;Partido Colorado;11 y santiago.csv
2026-04-11T17:16:30.676Z;;-27.397575;-56.863541;Lima;Partido Colorado;11 y santiago.csv
2026-04-11T15:19:40.541Z;;-27.397582;-56.852833;San Antonio ;Partido Colorado;11 y santiago.csv
2026-04-11T17:05:08.715Z;;-27.397645;-56.860787;Lima;Partido Colorado;11 y santiago.csv
2026-04-11T17:12:37.063Z;;-27.397702;-56.861123;Lima ;Partido Colorado;11 y santiago.csv
2026-04-11T15:22:36.066Z;;-27.397733;-56.853121;San Antonio ;Partido Colorado;11 y santiago.csv
2026-04-11T17:02:57.966Z;;-27.397735;-56.86069;Lima;Partido Colorado;11 y santiago.csv
2026-04-11T17:30:28.254Z;;-27.397772;-56.863459;Lima;Partido Colorado;11 y santiago.csv
2026-04-11T17:06:34.425Z;;-27.397781;-56.863492;Lima;Partido Colorado;11 y santiago.csv
2026-04-11T17:06:26.228Z;;-27.397888;-56.860416;Lima ;Partido Colorado;11 y santiago.csv
2026-04-11T16:57:37.441Z;;-27.397894;-56.860098;Lima;Partido Colorado;11 y santiago.csv
2026-04-11T15:26:14.526Z;;-27.397899;-56.85338;San Antonio ;Partido Colorado;11 y santiago.csv
2026-04-11T15:27:51.535Z;;-27.397969;-56.853777;San Antonio ;Partido Colorado;11 y santiago.csv
2026-04-11T15:29:44.279Z;;-27.398156;-56.853911;San Antonio ;Partido Colorado;11 y santiago.csv
2026-04-11T17:03:15.839Z;;-27.398201;-56.862759;Lima;Partido Colorado;11 y santiago.csv
2026-04-11T16:58:12.181Z;;-27.398238;-56.859226;Lima ;Partido Colorado;11 y santiago.csv
2026-04-11T17:12:54.628Z;;-27.398253;-56.861625;Lima;Partido Colorado;11 y santiago.csv
2026-04-11T17:22:19.484Z;;-27.398335;-56.862531;Lima ;Partido Colorado;11 y santiago.csv
2026-04-11T16:59:08.766Z;;-27.398457;-56.861495;Lima;Partido Colorado;11 y santiago.csv
2026-04-11T16:55:09.728Z;;-27.398585;-56.858512;Lima ;Partido Colorado;11 y santiago.csv
2026-04-11T17:06:07.373Z;;-27.398615;-56.860751;Lima;Partido Colorado;11 y santiago.csv
2026-04-11T16:59:47.886Z;;-27.398846;-56.859632;Lima;Partido Colorado;11 y santiago.csv
2026-04-11T16:54:49.913Z;;-27.399091;-56.859556;Lima;Partido Colorado;11 y santiago.csv
2026-04-11T14:18:43.238Z;;-27.404006;-56.861835;San José Mí;Partido Colorado;11 y santiago.csv
2026-04-11T14:21:45.836Z;;-27.404114;-56.861741;San José Mí;Partido Colorado;11 y santiago.csv
2026-04-11T14:20:12.294Z;;-27.404143;-56.861287;San jose mi;Partido Colorado;11 y santiago.csv
2026-04-11T14:25:04.272Z;;-27.404218;-56.861888;San José mi ;Partido Colorado;11 y santiago.csv
2026-04-11T14:22:48.866Z;;-27.404739;-56.861139;San jose mi;Partido Colorado;11 y santiago.csv
2026-04-11T14:29:48.750Z;;-27.404918;-56.861864;San José mi ;Partido Colorado;11 y santiago.csv
2026-04-11T14:32:27.597Z;;-27.405186;-56.861895;San José Mi ;Partido Colorado;11 y santiago.csv
2026-04-11T14:48:29.234Z;;-27.405595;-56.863396;San jose mi;Partido Colorado;11 y santiago.csv
2026-04-11T14:37:18.667Z;;-27.405783;-56.862095;San José Mí;Partido Colorado;11 y santiago.csv
2026-04-11T14:45:34.338Z;;-27.405791;-56.863448;;Partido Colorado;11 y santiago.csv
2026-04-11T14:32:41.979Z;;-27.405829;-56.860921;San José Mí;Partido Colorado;11 y santiago.csv
2026-04-11T14:44:22.181Z;;-27.406132;-56.862433;San jose mi ;Partido Colorado;11 y santiago.csv
2026-04-11T14:39:38.883Z;;-27.406163;-56.861866;San jose mi;Partido Colorado;11 y santiago.csv
2026-04-11T14:36:43.860Z;;-27.406357;-56.862041;San José Mí;Partido Colorado;11 y santiago.csv
2026-04-13T16:31:55.537Z;Santiago;-27.411799;-56.963566;Compañia Coratei;Partido Colorado;11 y santiago.csv
2026-04-13T16:36:12.003Z;Santiago;-27.413341;-56.96319;Compañia Coratei;Partido Colorado;11 y santiago.csv
2026-04-13T16:39:40.834Z;Santiago;-27.413493;-56.963423;Compañia Coratei;Partido Colorado;11 y santiago.csv
2026-04-13T16:44:49.314Z;Santiago;-27.415453;-56.963345;Compañia Coratei;Partido Colorado;11 y santiago.csv
2026-04-16T12:40:28.240Z;Mabel;0.0;0.0;;;ENCUESTA TODO.csv
2026-04-13T11:26:54.786Z;Mabel;-27.382033;-56.845038;NÃºcleo 1;Partido Colorado;REPORTE_AYER_13_ABRIL.csv
2026-04-13T11:27:48.584Z;Miguel;-27.382515;-56.846116;NÃºcleo 1;Partido Colorado;REPORTE_AYER_13_ABRIL.csv
2026-04-13T11:39:56.294Z;Mabel;-27.382117;-56.846223;NÃºcleo 1;Partido Colorado;REPORTE_AYER_13_ABRIL.csv
2026-04-13T11:51:41.130Z;Miguel;-27.384104;-56.846003;NÃºcleo 1;Partido Colorado;REPORTE_AYER_13_ABRIL.csv
2026-04-13T11:56:06.274Z;Miguel;-27.384224;-56.846738;NÃºcleo 1;Partido Colorado;REPORTE_AYER_13_ABRIL.csv
2026-04-13T11:58:20.577Z;Miguel;-27.384531;-56.846702;NÃºcleo 1;Partido Colorado;REPORTE_AYER_13_ABRIL.csv
2026-04-13T12:01:59.560Z;Miguel;-27.38465;-56.845806;NÃºcleo 1;Partido Colorado;REPORTE_AYER_13_ABRIL.csv
2026-04-13T12:03:46.950Z;Miguel;-27.384654;-56.845736;NÃºcleo 1;Partido Colorado;REPORTE_AYER_13_ABRIL.csv
2026-04-13T12:23:31.396Z;Mabel;-27.382538;-56.845171;;Partido Colorado;REPORTE_AYER_13_ABRIL.csv
2026-04-13T12:32:04.867Z;Mabel;-27.384031;-56.848677;NÃºcleo 2;Partido Colorado;REPORTE_AYER_13_ABRIL.csv
2026-04-13T12:32:25.831Z;Miguel;-27.386516;-56.847158;NÃºcleo 2;Partido Colorado;REPORTE_AYER_13_ABRIL.csv
2026-04-13T12:34:25.633Z;Mabel;-27.384233;-56.848688;NÃºcleo 2;Partido Colorado;REPORTE_AYER_13_ABRIL.csv
2026-04-13T12:40:20.752Z;Mabel;-27.38441;-56.849073;NÃºcleo 2;Partido Colorado;REPORTE_AYER_13_ABRIL.csv
2026-04-13T12:42:04.446Z;Miguel;-27.386119;-56.847825;NÃºcleo 2;Partido Colorado;REPORTE_AYER_13_ABRIL.csv
2026-04-13T12:43:20.114Z;Miguel;-27.386086;-56.847862;NÃºcleo 2;Partido Colorado;REPORTE_AYER_13_ABRIL.csv
2026-04-13T12:43:20.130Z;Mabel;-27.384571;-56.849468;NÃºcleo 2;Partido Colorado;REPORTE_AYER_13_ABRIL.csv
2026-04-13T12:49:40.605Z;Mabel;-27.384351;-56.849567;NÃºcleo 3;Partido Colorado;REPORTE_AYER_13_ABRIL.csv
2026-04-13T12:51:43.340Z;Miguel;-27.385815;-56.847156;NÃºcleo 2;Partido Colorado;REPORTE_AYER_13_ABRIL.csv
2026-04-13T12:57:21.764Z;Miguel;-27.385223;-56.848654;NÃºcleo 2;Partido Colorado;REPORTE_AYER_13_ABRIL.csv
2026-04-13T12:57:49.847Z;Mabel;-27.383827;-56.849283;NÃºcleo 2;Partido Colorado;REPORTE_AYER_13_ABRIL.csv
2026-04-13T13:01:27.430Z;Mabel;-27.383603;-56.849265;NÃºcleo 2;Partido Colorado;REPORTE_AYER_13_ABRIL.csv
2026-04-13T13:03:04.893Z;Miguel;-27.38437;-56.848983;NÃºcleo 2;Partido Colorado;REPORTE_AYER_13_ABRIL.csv
2026-04-13T13:09:43.712Z;Mabel;-27.383557;-56.848759;NÃºcleo 2;Partido Colorado;REPORTE_AYER_13_ABRIL.csv
2026-04-13T13:18:53.369Z;Miguel;-27.38683;-56.849981;NÃºcleo 3;Partido Colorado;REPORTE_AYER_13_ABRIL.csv
2026-04-13T13:22:52.845Z;Miguel;-27.386954;-56.850053;NÃºcleo 3;Partido Colorado;REPORTE_AYER_13_ABRIL.csv
2026-04-13T13:26:40.159Z;Miguel;-27.387002;-56.849787;NÃºcleo 3;Partido Colorado;REPORTE_AYER_13_ABRIL.csv
2026-04-13T13:32:47.367Z;Mabel;-27.38556;-56.851596;NÃºcleo 4;;REPORTE_AYER_13_ABRIL.csv
2026-04-13T13:34:00.167Z;Miguel;-27.387935;-56.848713;NÃºcleo 3;Partido Colorado;REPORTE_AYER_13_ABRIL.csv
2026-04-13T13:35:39.257Z;Mabel;-27.385635;-56.851615;NÃºcleo 4;Partido Colorado;REPORTE_AYER_13_ABRIL.csv
2026-04-13T13:36:00.730Z;Miguel;-27.387778;-56.848295;NÃºcleo 3;Partido Colorado;REPORTE_AYER_13_ABRIL.csv
2026-04-13T13:37:41.872Z;Miguel;-27.387781;-56.848316;NÃºcleo 3;Partido Colorado;REPORTE_AYER_13_ABRIL.csv
2026-04-13T13:38:46.185Z;Mabel;-27.385293;-56.851115;NÃºcleo 4;;REPORTE_AYER_13_ABRIL.csv
2026-04-13T13:42:39.971Z;Mabel;-27.385331;-56.851044;;;REPORTE_AYER_13_ABRIL.csv
2026-04-13T13:42:46.924Z;Miguel;-27.386952;-56.848734;NÃºcleo 4;Partido Colorado;REPORTE_AYER_13_ABRIL.csv
2026-04-13T13:46:51.148Z;Mabel;-27.384929;-56.850879;NÃºcleo 4;Partido Colorado;REPORTE_AYER_13_ABRIL.csv
2026-04-13T14:02:41.299Z;Miguel;-27.386842;-56.847362;NÃºcleo 3;Partido Colorado;REPORTE_AYER_13_ABRIL.csv
2026-04-13T14:07:12.761Z;Mabel;-27.385279;-56.845431;NÃºcleo 3;;REPORTE_AYER_13_ABRIL.csv
2026-04-13T14:08:10.641Z;Miguel;-27.387304;-56.846659;NÃºcleo 3;Partido Colorado;REPORTE_AYER_13_ABRIL.csv
2026-04-13T14:11:05.635Z;Miguel;-27.387583;-56.846427;NÃºcleo 3;Partido Colorado;REPORTE_AYER_13_ABRIL.csv
2026-04-13T14:13:38.103Z;Miguel;-27.387619;-56.846421;NÃºcleo 3;Partido Colorado;REPORTE_AYER_13_ABRIL.csv
2026-04-13T14:15:34.778Z;Mabel;-27.384894;-56.844647;NÃºcleo 3;Partido Colorado;REPORTE_AYER_13_ABRIL.csv
2026-04-13T14:19:09.889Z;Mabel;-27.384899;-56.845103;NÃºcleo 3;Partido Colorado;REPORTE_AYER_13_ABRIL.csv
2026-04-13T14:21:38.987Z;Miguel;-27.38778;-56.848142;NÃºcleo 3;Partido Colorado;REPORTE_AYER_13_ABRIL.csv
2026-04-13T14:24:45.448Z;Miguel;-27.387798;-56.848;NÃºcleo 3;Partido Colorado;REPORTE_AYER_13_ABRIL.csv
2026-04-13T14:29:20.274Z;Miguel;-27.387816;-56.847594;NÃºcleo 3;Partido Colorado;REPORTE_AYER_13_ABRIL.csv
2026-04-13T14:29:21.970Z;Mabel;-27.385282;-56.845909;NÃºcleo 3;Partido Colorado;REPORTE_AYER_13_ABRIL.csv
2026-04-13T14:42:40.833Z;Miguel;-27.384779;-56.843023;NÃºcleo 6;Partido Colorado;REPORTE_AYER_13_ABRIL.csv
2026-04-13T14:44:31.924Z;Miguel;-27.384418;-56.842845;NÃºcleo 6;Partido Colorado;REPORTE_AYER_13_ABRIL.csv
2026-04-13T14:46:17.547Z;Mabel;-27.38543;-56.83902;;;REPORTE_AYER_13_ABRIL.csv
2026-04-13T14:48:49.944Z;Mabel;-27.385525;-56.839178;;Partido Colorado;REPORTE_AYER_13_ABRIL.csv
2026-04-13T14:52:11.067Z;Miguel;-27.384038;-56.84241;NÃºcleo 6;Partido Colorado;REPORTE_AYER_13_ABRIL.csv
2026-04-13T14:53:26.201Z;Mabel;-27.385756;-56.839287;;;REPORTE_AYER_13_ABRIL.csv
2026-04-13T14:56:18.901Z;Miguel;-27.384104;-56.841915;NÃºcleo 6;Partido Colorado;REPORTE_AYER_13_ABRIL.csv
2026-04-13T15:01:26.033Z;Mabel;-27.386382;-56.84;;Partido Colorado;REPORTE_AYER_13_ABRIL.csv
2026-04-13T15:01:41.464Z;Miguel;-27.384348;-56.841049;NÃºcleo 6;Partido Colorado;REPORTE_AYER_13_ABRIL.csv
2026-04-13T15:03:31.182Z;Mabel;-27.386357;-56.839989;;Partido Colorado;REPORTE_AYER_13_ABRIL.csv
2026-04-13T15:06:53.973Z;Mabel;-27.386653;-56.840248;;;REPORTE_AYER_13_ABRIL.csv
2026-04-13T15:10:20.372Z;Mabel;-27.386767;-56.840136;NÃºcleo 7;;REPORTE_AYER_13_ABRIL.csv
2026-04-13T15:11:26.901Z;Miguel;-27.384928;-56.843794;NÃºcleo 6;Partido Colorado;REPORTE_AYER_13_ABRIL.csv
2026-04-13T15:15:00.562Z;Mabel;-27.386888;-56.839667;NÃºcleo 7;Partido Colorado;REPORTE_AYER_13_ABRIL.csv
2026-04-13T15:17:00.666Z;Miguel;-27.383984;-56.842393;NÃºcleo 6;Partido Colorado;REPORTE_AYER_13_ABRIL.csv
2026-04-13T15:18:31.841Z;Mabel;-27.386871;-56.839557;NÃºcleo 7;Partido Colorado;REPORTE_AYER_13_ABRIL.csv
2026-04-13T15:19:58.392Z;Miguel;-27.383995;-56.841603;NÃºcleo 6;Partido Colorado;REPORTE_AYER_13_ABRIL.csv
2026-04-13T15:22:03.906Z;Mabel;-27.386736;-56.839329;NÃºcleo 7;Partido Colorado;REPORTE_AYER_13_ABRIL.csv
2026-04-13T15:24:55.701Z;Miguel;-27.384204;-56.840798;NÃºcleo 6;Partido Colorado;REPORTE_AYER_13_ABRIL.csv
2026-04-13T15:25:04.147Z;Mabel;-27.386595;-56.839323;NÃºcleo 7;Partido Colorado;REPORTE_AYER_13_ABRIL.csv
2026-04-13T15:29:23.294Z;Mabel;-27.386796;-56.839253;NÃºcleo 7;Partido Colorado;REPORTE_AYER_13_ABRIL.csv
2026-04-13T15:29:31.756Z;Miguel;-27.384881;-56.840668;;PLRA;REPORTE_AYER_13_ABRIL.csv
2026-04-13T15:36:40.469Z;Miguel;-27.383852;-56.84014;NÃºcleo 6;Partido Colorado;REPORTE_AYER_13_ABRIL.csv
2026-04-13T15:37:26.050Z;Mabel;-27.386461;-56.838871;NÃºcleo 7;Partido Colorado;REPORTE_AYER_13_ABRIL.csv
2026-04-13T15:39:31.216Z;Miguel;-27.383797;-56.84021;NÃºcleo 6;Partido Colorado;REPORTE_AYER_13_ABRIL.csv
2026-04-13T15:40:24.889Z;Mabel;-27.386041;-56.838917;NÃºcleo 7;Partido Colorado;REPORTE_AYER_13_ABRIL.csv
2026-04-13T15:43:36.912Z;Mabel;-27.385807;-56.83859;NÃºcleo 7;Partido Colorado;REPORTE_AYER_13_ABRIL.csv
2026-04-13T15:46:56.742Z;Mabel;-27.386016;-56.838284;NÃºcleo 7;Partido Colorado;REPORTE_AYER_13_ABRIL.csv
2026-04-13T16:29:29.887Z;Miguel;-27.410938;-56.963413;;Partido Colorado;REPORTE_AYER_13_ABRIL.csv
2026-04-13T16:35:38.482Z;Miguel;-27.411379;-56.963592;CompaÃ±ia Coratei;Otros;REPORTE_AYER_13_ABRIL.csv
2026-04-13T16:37:01.298Z;Mabel;-27.427771;-56.962486;CompaÃ±ia Coratei;Partido Colorado;REPORTE_AYER_13_ABRIL.csv
2026-04-13T16:41:29.788Z;Miguel;-27.413856;-56.962985;CompaÃ±ia Coratei;Partido Colorado;REPORTE_AYER_13_ABRIL.csv
2026-04-13T16:43:28.091Z;Mabel;-27.426646;-56.962722;CompaÃ±ia Coratei;Partido Colorado;REPORTE_AYER_13_ABRIL.csv
2026-04-13T16:46:21.241Z;Miguel;-27.415472;-56.963286;CompaÃ±ia Coratei;Partido Colorado;REPORTE_AYER_13_ABRIL.csv
2026-04-13T16:46:21.930Z;Mabel;-27.425722;-56.962511;CompaÃ±ia Coratei;Partido Colorado;REPORTE_AYER_13_ABRIL.csv
2026-04-13T16:49:16.667Z;Santiago;-27.416318;-56.963334;CompaÃ±ia Coratei;Partido Colorado;REPORTE_AYER_13_ABRIL.csv
2026-04-13T16:49:29.336Z;Mabel;-27.425153;-56.962686;CompaÃ±ia Coratei;Partido Colorado;REPORTE_AYER_13_ABRIL.csv
2026-04-13T16:55:04.214Z;Mabel;-27.423947;-56.962367;CompaÃ±ia Coratei;Partido Colorado;REPORTE_AYER_13_ABRIL.csv
2026-04-13T16:55:31.343Z;Santiago;-27.418902;-56.963119;CompaÃ±ia Coratei;Partido Colorado;REPORTE_AYER_13_ABRIL.csv
2026-04-13T16:59:26.571Z;Mabel;-27.420695;-56.962524;CompaÃ±ia Coratei;Partido Colorado;REPORTE_AYER_13_ABRIL.csv
2026-04-13T16:59:46.724Z;Santiago;-27.420357;-56.963538;CompaÃ±ia Coratei;Partido Colorado;REPORTE_AYER_13_ABRIL.csv
2026-04-11T14:27:42.533Z;Milena;-27.404568;-56.86197;San JosÃ© mi ;Partido Colorado;REPORTE_LIMPIO_ABRIL.csv
2026-04-11T02:02:42.576Z;Mirna;-26.886463;-56.854542;PABLO VI;Partido Colorado;REPORTE_LIMPIO_ABRIL.csv
2026-04-11T00:11:30.375Z;admin;-26.887508;-57.022703;San Roque ;Partido Colorado;REPORTE_LIMPIO_ABRIL.csv
2026-04-16T12:12:02.923Z;Miguel;-27.357033;-56.778228;Las Mercedes;Partido Colorado;reporte_senior_2026-04-16.csv
2026-04-16T12:15:01.644Z;Miguel;-27.356465;-56.779068;Las Mercedes;Partido Colorado;reporte_senior_2026-04-16.csv
2026-04-16T12:17:02.640Z;Miguel;-27.356318;-56.778918;Las Mercedes;Partido Colorado;reporte_senior_2026-04-16.csv
2026-04-16T12:19:53.623Z;Miguel;-27.356161;-56.779147;Las Mercedes;Partido Colorado;reporte_senior_2026-04-16.csv
2026-04-16T12:21:50.159Z;Miguel;-27.356116;-56.779098;Las Mercedes;Partido Colorado;reporte_senior_2026-04-16.csv
2026-04-16T12:25:05.262Z;Miguel;-27.355667;-56.779027;Las Mercedes;Partido Colorado;reporte_senior_2026-04-16.csv
2026-04-16T12:29:46.676Z;Miguel;-27.354966;-56.779041;;;reporte_senior_2026-04-16.csv
2026-04-16T12:33:07.411Z;Miguel;-27.354795;-56.77902;Las Mercedes;Partido Colorado;reporte_senior_2026-04-16.csv
2026-04-16T12:40:26.392Z;Mabel;-27.358148;-56.780734;;Partido Colorado;reporte_senior_2026-04-16.csv
2026-04-16T12:40:26.824Z;Mabel;-27.358285;-56.780219;Las Mercedes;Partido Colorado;reporte_senior_2026-04-16.csv
2026-04-16T12:40:27.167Z;Mabel;-27.357808;-56.780109;Las Mercedes;Partido Colorado;reporte_senior_2026-04-16.csv
2026-04-16T12:40:27.912Z;Mabel;-27.35781;-56.780119;Las Mercedes;Partido Colorado;reporte_senior_2026-04-16.csv
2026-04-16T12:41:41.407Z;Miguel;-27.354878;-56.777487;Las Mercedes;Partido Colorado;reporte_senior_2026-04-16.csv
2026-04-16T12:44:21.460Z;Miguel;-27.355271;-56.777329;Las Mercedes;Partido Colorado;reporte_senior_2026-04-16.csv
2026-04-16T12:49:17.625Z;Mabel;-27.357516;-56.778571;Las Mercedes;Partido Colorado;reporte_senior_2026-04-16.csv
2026-04-16T12:49:46.290Z;Mabel;-27.357054;-56.77804;Las Mercedes;Partido Colorado;reporte_senior_2026-04-16.csv
2026-04-16T12:59:29.098Z;Miguel;-27.372255;-56.800488;Las Mercedes;Partido Colorado;reporte_senior_2026-04-16.csv
2026-04-16T13:05:04.564Z;Mabel;-27.371784;-56.798948;Maria Graciela;Partido Colorado;reporte_senior_2026-04-16.csv
2026-04-16T13:05:04.678Z;Mabel;-27.372127;-56.799642;Maria Graciela;Partido Colorado;reporte_senior_2026-04-16.csv
2026-04-16T13:12:07.728Z;Miguel;-27.37239;-56.800839;MarÃ­a Graciela;Partido Colorado;reporte_senior_2026-04-16.csv
2026-04-16T13:15:34.318Z;Miguel;-27.37213;-56.801367;MarÃ­a Graciela;Partido Colorado;reporte_senior_2026-04-16.csv
2026-04-16T13:20:44.905Z;Miguel;-27.372971;-56.801263;MarÃ­a Graciela;Partido Colorado;reporte_senior_2026-04-16.csv
2026-04-16T13:23:05.281Z;Mabel;-27.371777;-56.800499;Maria Graciela;Partido Colorado;reporte_senior_2026-04-16.csv
2026-04-16T13:23:05.366Z;Mabel;-27.37187;-56.800302;;Partido Colorado;reporte_senior_2026-04-16.csv
2026-04-16T13:24:26.209Z;Miguel;-27.372817;-56.802077;MarÃ­a Graciela;Partido Colorado;reporte_senior_2026-04-16.csv
2026-04-16T13:34:06.198Z;Miguel;-27.373993;-56.802768;MarÃ­a Graciela;Partido Colorado;reporte_senior_2026-04-16.csv
2026-04-16T13:37:20.423Z;Miguel;-27.373994;-56.802904;MarÃ­a Graciela;Partido Colorado;reporte_senior_2026-04-16.csv
2026-04-16T13:39:55.405Z;Miguel;-27.373998;-56.802937;MarÃ­a Graciela;Partido Colorado;reporte_senior_2026-04-16.csv
2026-04-16T13:50:49.882Z;Miguel;-27.373861;-56.800291;MarÃ­a Graciela;Partido Colorado;reporte_senior_2026-04-16.csv
2026-04-16T13:53:32.183Z;Mabel;-27.372434;-56.800437;Maria Graciela;Partido Colorado;reporte_senior_2026-04-16.csv
2026-04-16T13:53:32.284Z;Mabel;-27.372861;-56.800084;Maria Graciela;Partido Colorado;reporte_senior_2026-04-16.csv
2026-04-16T13:53:32.418Z;Mabel;-27.373111;-56.799701;Maria Graciela;Partido Colorado;reporte_senior_2026-04-16.csv
2026-04-16T13:53:32.516Z;Mabel;-27.373824;-56.799737;Maria Graciela;Partido Colorado;reporte_senior_2026-04-16.csv
2026-04-16T13:53:32.915Z;Mabel;-27.374521;-56.799659;Maria Graciela;Partido Colorado;reporte_senior_2026-04-16.csv
2026-04-16T13:53:33.072Z;Mabel;-27.374347;-56.799791;Maria Graciela;Partido Colorado;reporte_senior_2026-04-16.csv
2026-04-16T14:09:48.825Z;Miguel;-27.382506;-56.807575;San JosÃ© Obrero;Partido Colorado;reporte_senior_2026-04-16.csv
2026-04-16T14:11:34.901Z;Miguel;-27.382477;-56.80766;San JosÃ© Obrero;Partido Colorado;reporte_senior_2026-04-16.csv
2026-04-16T14:14:08.938Z;Miguel;-27.383016;-56.808144;San JosÃ© Obrero;Partido Colorado;reporte_senior_2026-04-16.csv
2026-04-16T14:14:55.161Z;Mabel;-27.381358;-56.806627;San JosÃ© Obrero;Partido Colorado;reporte_senior_2026-04-16.csv
2026-04-16T14:14:55.800Z;Mabel;-27.382132;-56.806119;San JosÃ© Obrero;Partido Colorado;reporte_senior_2026-04-16.csv
2026-04-16T14:15:19.629Z;Mabel;-27.382214;-56.805967;San JosÃ© Obrero;;reporte_senior_2026-04-16.csv
2026-04-16T14:17:27.420Z;Miguel;-27.382528;-56.808322;San JosÃ© Obrero;Partido Colorado;reporte_senior_2026-04-16.csv
2026-04-16T14:19:32.296Z;Miguel;-27.382507;-56.808324;San JosÃ© Obrero;Partido Colorado;reporte_senior_2026-04-16.csv
2026-04-16T14:21:22.926Z;Miguel;-27.382669;-56.809013;San JosÃ© Obrero;Partido Colorado;reporte_senior_2026-04-16.csv
2026-04-16T14:23:04.683Z;Miguel;-27.382703;-56.80934;San JosÃ© Obrero;Partido Colorado;reporte_senior_2026-04-16.csv
2026-04-16T14:26:41.525Z;Miguel;-27.382426;-56.809898;San JosÃ© Obrero;Partido Colorado;reporte_senior_2026-04-16.csv
2026-04-16T14:31:23.730Z;Miguel;-27.382501;-56.810159;San JosÃ© Obrero;Partido Colorado;reporte_senior_2026-04-16.csv
2026-04-16T14:38:10.260Z;Miguel;-27.38298;-56.81183;San JosÃ© Obrero;Partido Colorado;reporte_senior_2026-04-16.csv
